Codice prodotto,Immagine
ZGOT003000000SNND10347,pagina_100_img_1.jpeg
ZGOT003500000NNND10348,pagina_100_img_10.jpeg
ZGOT004000000NNND10350,pagina_100_img_2.jpeg
ZGOT005000000NNND10024,pagina_100_img_3.jpeg
ZGOT006000000NNND10351,pagina_100_img_4.jpeg
ZGOT008000000NNND10025,pagina_100_img_5.jpeg
ZGOT010000000NGND10213,pagina_100_img_6.jpeg
ZGOT010000000NNND10069,pagina_100_img_7.jpeg
ZGOT010000000NNND10092,pagina_100_img_8.jpeg
ZGOT012000000NNND10216,pagina_100_img_9.jpeg
ZGOT012000000NNND10449,pagina_101_img_1.jpeg
ZGOT012000000NNND10027,pagina_101_img_10.jpeg
ZGOT015000000NGND10201,pagina_101_img_2.jpeg
ZGOT015000000NNND10017,pagina_101_img_3.jpeg
ZGOT015000000NNND10343,pagina_101_img_4.jpeg
ZGOT018000000NRND10248,pagina_101_img_5.jpeg
ZGOT018000000NNND10093,pagina_101_img_6.jpeg
ZGOT020000000NGND10500,pagina_101_img_7.jpeg
ZGOT020000000NNND10007,pagina_101_img_8.jpeg
ZGOT020000000NNND10167,pagina_101_img_9.jpeg
ZGOT021000000NGND10291,pagina_102_img_1.jpeg
ZG1T022000000NNND10157,pagina_102_img_10.jpeg
ZGOT022000000NGND10198,pagina_102_img_2.jpeg
ZGOT022000000NGND10199,pagina_102_img_3.jpeg
ZGOT022000000NNND10101,pagina_102_img_4.jpeg
ZGLT025000000NNND10504,pagina_102_img_5.jpeg
ZG1T025000000NNND10568,pagina_102_img_6.jpeg
ZG1T025000000NNND10567,pagina_102_img_7.jpeg
ZG1T025000000NNND10566,pagina_102_img_8.jpeg
ZGOT025000000NNND10100,pagina_102_img_9.jpeg
ZGOT025000000NGND10197,pagina_103_img_1.jpeg
ZGOT025000000NGND10425,pagina_103_img_10.jpeg
ZGOT025000000NNND10165,pagina_103_img_2.jpeg
ZGOQ025000000NGND10103,pagina_103_img_3.jpeg
ZG1T028000000NGND10564,pagina_103_img_4.jpeg
ZGOT028000000NGND10200,pagina_103_img_5.jpeg
ZG1T030000000NGND10563,pagina_103_img_6.jpeg
ZG1T030000000NGND10562,pagina_103_img_7.jpeg
ZG1T030000000NNND10573,pagina_103_img_8.jpeg
ZGT1030000000NNND10053,pagina_103_img_9.jpeg
ZGOT030000000NGND10429,pagina_104_img_1.jpeg
ZGOT030000000NGND10381,pagina_104_img_10.jpeg
ZGOT030000000NGND10276,pagina_104_img_2.jpeg
ZGOT030000000NGND10206,pagina_104_img_3.jpeg
ZGOT030000000NNND10068,pagina_104_img_4.jpeg
ZGOT030000000NNND10067,pagina_104_img_5.jpeg
ZGOT030000000NGND10203,pagina_104_img_6.jpeg
ZGOT030000000NGND10427,pagina_104_img_7.jpeg
ZGOT030000000NGND10428,pagina_104_img_8.jpeg
ZGOT030000000NNND10015,pagina_104_img_9.jpeg
ZGOT030000000NNND10160,pagina_105_img_1.jpeg
ZGOT030000000NNND10218,pagina_105_img_10.jpeg
ZGLT035000000NNND10031,pagina_105_img_2.jpeg
ZG2T035000000NNND10546,pagina_105_img_3.jpeg
ZG1T035000000NNND10086,pagina_105_img_4.jpeg
ZG1T035000000NGND10565,pagina_105_img_5.jpeg
ZG1T035000000NNND10345,pagina_105_img_6.jpeg
ZG1T035000000NNND10574,pagina_105_img_7.jpeg
ZG1T035000000NGND10561,pagina_105_img_8.jpeg
ZGOT035000000NNND10011,pagina_105_img_9.jpeg
ZGOT035000000NNND10214,pagina_106_img_1.jpeg
ZGOT035000000NTND10204,pagina_106_img_10.jpeg
ZGOT035000000NNND10212,pagina_106_img_2.jpeg
ZGOT035000000NNND10162,pagina_106_img_3.jpeg
ZGOT035000000NTND10205,pagina_106_img_4.jpeg
ZGOT035000000NNND10304,pagina_106_img_5.jpeg
ZG1T038000000NNND10569,pagina_106_img_6.jpeg
ZG1T040000000NGND10560,pagina_106_img_7.jpeg
ZG1T040000000NGND10559,pagina_106_img_8.jpeg
ZG1T040000000NNND10572,pagina_106_img_9.jpeg
ZG1T040000000NNND10085,pagina_107_img_1.jpeg
ZG2T040000000NNND10107,pagina_107_img_10.jpeg
ZG1T040000000NNND10571,pagina_107_img_2.jpeg
ZGOT040000000NNND10120,pagina_107_img_3.jpeg
ZGOT040000000NNND10096,pagina_107_img_4.jpeg
ZGOT040000000NNND10254,pagina_107_img_5.jpeg
ZGOT040000000NGND10357,pagina_107_img_6.jpeg
ZGOT040000000SNND10113,pagina_107_img_7.jpeg
ZGOT040000000NNND10337,pagina_107_img_8.jpeg
ZGOT042000000NGND10293,pagina_107_img_9.jpeg
ZG2T045000000NNND10045,pagina_108_img_1.jpeg
ZG2T045000000NGND10465,pagina_108_img_10.jpeg
ZG2T045000000NNND10037,pagina_108_img_2.jpeg
ZGOT045000000NGND10168,pagina_108_img_3.jpeg
ZGOT045000000NNND10048,pagina_108_img_4.jpeg
ZGOT045000000NNND10047,pagina_108_img_5.jpeg
ZGOT045000000NNND10385,pagina_108_img_6.jpeg
ZGLT050000000NRND10505,pagina_108_img_7.jpeg
ZG2T050000000NNND10108,pagina_108_img_8.jpeg
ZGOT050000000NNND10169,pagina_108_img_9.jpeg
ZGOT050000000NNND10383,pagina_109_img_1.jpeg
ZG1T060000000NNND10558,pagina_109_img_10.jpeg
ZG2T60000000NGND10231,pagina_109_img_2.jpeg
ZG2T60000000NGND10233,pagina_109_img_3.jpeg
ZG2T60000000NGND10232,pagina_109_img_4.jpeg
ZGOT060000000NNND10256,pagina_109_img_5.jpeg
ZGT2070000000NNND10041,pagina_109_img_6.jpeg
ZGLT080000000NNND10127,pagina_109_img_7.jpeg
ZG2T080000000NNND10230,pagina_109_img_8.jpeg
ZGLT090000000NNND10322,pagina_109_img_9.jpeg
ZGOT015000000NNND10438,pagina_10_img_1.jpeg
ZGOT020000000NDND10581,pagina_10_img_10.jpeg
ZGOT025000000NNND10582,pagina_10_img_2.jpeg
ZGOT015000000NNND10360,pagina_10_img_3.jpeg
ZGOO0150X0400NNND10219,pagina_10_img_4.jpeg
ZGOO0150X0400NNND10220,pagina_10_img_5.jpeg
ZGOQ025000000NNND10116,pagina_10_img_6.jpeg
ZGOQ030000000NNND10210,pagina_10_img_7.jpeg
ZG2Q045000000NNND10237,pagina_10_img_8.jpeg
ZGOQ045000000NNND10126,pagina_10_img_9.jpeg
ZG2Q050000000NGND10470,pagina_110_img_1.jpeg
ZGOT008000000NBND10297,pagina_110_img_10.jpeg
ZGOT008000000SBND10139,pagina_110_img_2.jpeg
ZGOT010000000SBND10092,pagina_110_img_3.jpeg
ZGOT010000000SBND10110,pagina_110_img_4.jpeg
ZGOT012000000NBND10295,pagina_110_img_5.jpeg
ZGOT012000000SBND10111,pagina_110_img_6.jpeg
ZGOT015000000SBND10298,pagina_110_img_7.jpeg
ZGOT018000000SBND10093,pagina_110_img_8.jpeg
ZGOQ020000000NBND10211,pagina_110_img_9.jpeg
ZGOT020000000SNND10007,pagina_111_img_1.jpeg
ZGOT022000000SBND10380,pagina_111_img_10.jpeg
ZG1T022000000NBND10157,pagina_111_img_2.jpeg
ZG1T025000000NBND10567,pagina_111_img_3.jpeg
ZG1T025000000NBND10566,pagina_111_img_4.jpeg
ZGOT025000000NBND10296,pagina_111_img_5.jpeg
ZG2T025000000NBND10094,pagina_111_img_6.jpeg
ZGOT025000000SBND10354,pagina_111_img_7.jpeg
ZG1T030000000NBND10578,pagina_111_img_8.jpeg
ZG1T030000000NBND10053,pagina_111_img_9.jpeg
ZG2T030000000NBND10014,pagina_112_img_1.jpeg
ZGOT030000000SBND10355,pagina_112_img_10.jpeg
ZGOT030000000SBND10067,pagina_112_img_2.jpeg
ZG1T035000000NBND10086,pagina_112_img_3.jpeg
ZGOT035000000NBND10214,pagina_112_img_4.jpeg
ZGOT035000000SBND10356,pagina_112_img_5.jpeg
ZG1T040000000NBND10085,pagina_112_img_6.jpeg
ZG1T040000000NBND10572,pagina_112_img_7.jpeg
ZG1T040000000NBND10471,pagina_112_img_8.jpeg
ZGOT040000000NBND10434,pagina_112_img_9.jpeg
ZG2T045000000NBND10455,pagina_113_img_1.jpeg
ZG2T045000000NBND10037,pagina_113_img_10.jpeg
ZG2T050000000NBND10108,pagina_113_img_2.jpeg
ZG2T60000000NBND10060,pagina_113_img_3.jpeg
ZG2T070000000NBND10041,pagina_113_img_4.jpeg
ZGOE0360X0850SBND10319,pagina_113_img_5.jpeg
ZGOE0570X1360SBND10311,pagina_113_img_6.jpeg
ZGOE0620X1790SBND10314,pagina_113_img_7.jpeg
ZGOE0650X1580SBND10316,pagina_113_img_8.jpeg
ZGOE0700X1250SBND10309,pagina_113_img_9.jpeg
ZGOE0730X1800SBND10307,pagina_114_img_1.jpeg
ZGOE0760X1820SBND10310,pagina_114_img_10.jpeg
ZGOE0850X1980SBND10313,pagina_114_img_2.jpeg
ZGOT030000000NNBD10221,pagina_114_img_3.jpeg
ZGOT018000000NN1D10352,pagina_114_img_4.jpeg
ZGOT020000000NN1D10102,pagina_114_img_5.jpeg
ZGOT020000000NN1D10167,pagina_114_img_6.jpeg
ZGOT025000000SN1D10165,pagina_114_img_7.jpeg
ZGOT025000000NN1D10165,pagina_114_img_8.jpeg
ZGOT030000000NN1D10160,pagina_114_img_9.jpeg
ZGOT035000000NN1D10304,pagina_115_img_1.jpeg
ZGOT040000000NN1D10337,pagina_115_img_10.jpeg
ZGOT003000000SN2D10347,pagina_115_img_2.jpeg
ZGOT003500000SN2D10348,pagina_115_img_3.jpeg
ZGOT004000000SN2D10349,pagina_115_img_4.jpeg
ZGOT004000000SN2D10389,pagina_115_img_5.jpeg
ZGOT004500000SN2D10346,pagina_115_img_6.jpeg
ZGOT005000000SN2D10340,pagina_115_img_7.jpeg
ZGOT005000000SNND10394,pagina_115_img_8.jpeg
ZGOT006000000SN2D10395,pagina_115_img_9.jpeg
ZGOT008000000NN2D10091,pagina_116_img_1.jpeg
ZGOT010000000NN2D10456,pagina_116_img_2.jpeg
ZGAT010000000NN2D10516,pagina_116_img_3.jpeg
ZGOT010000000NN2D10092,pagina_116_img_4.jpeg
ZGOT012000000NN2D10216,pagina_116_img_5.jpeg
ZGOT012000000NN2D10027,pagina_116_img_6.jpeg
ZGAT015000000NN2D10521,pagina_116_img_7.jpeg
ZGOT015000000NN2D10078,pagina_116_img_8.jpeg
ZGOT015000000NNBD10078,pagina_116_img_9.jpeg
ZGOT015000000SD2D10419,pagina_118_img_1.jpeg
ZGOT018000000NN2D10093,pagina_118_img_10.jpeg
ZGOT018000000NN2D10461,pagina_118_img_2.jpeg
ZGAT020000000NN2D10522,pagina_118_img_3.jpeg
ZGOT020000000NNAD10007,pagina_118_img_4.jpeg
ZGOT020000000NN2D10007,pagina_118_img_5.jpeg
ZGOT020000000NN2D10167,pagina_118_img_6.jpeg
ZGAT022000000NN2D10523,pagina_118_img_7.jpeg
ZGOT022000000NN2D10251,pagina_118_img_8.jpeg
ZGOT022000000NNND10396,pagina_118_img_9.jpeg
ZGOT022000000NN2D10101,pagina_119_img_1.jpeg
ZG1T025000000NN2D10566,pagina_119_img_10.jpeg
ZGOT025000000NN2D10246,pagina_119_img_2.jpeg
ZGOT025000000NN2D10100,pagina_119_img_3.jpeg
ZGOT025000000NN2D10165,pagina_119_img_4.jpeg
ZGOT025000000NNBI10100,pagina_119_img_5.jpeg
ZGOT025000000SN2D10100,pagina_119_img_6.jpeg
ZGOT030000000SNND10536,pagina_119_img_7.jpeg
ZGOT030000000NN2D10160,pagina_119_img_8.jpeg
ZGOT030000000NN2D10068,pagina_119_img_9.jpeg
ZGOT030000000NN2D10079,pagina_11_img_1.jpeg
ZGOT030000000NNBD10160,pagina_11_img_10.jpeg
ZGOT030000000NN2D10477,pagina_11_img_2.jpeg
ZGOT035000000NN2D10011,pagina_11_img_3.jpeg
ZGOT035000000NN2D10534,pagina_11_img_4.jpeg
ZGOT035000000NN2D10214,pagina_11_img_5.jpeg
ZGOT035000000NN2D10304,pagina_11_img_6.jpeg
ZGOT035000000SNND10537,pagina_11_img_7.jpeg
ZGOT035000000NNBI10304,pagina_11_img_8.jpeg
ZGOT035000000NNBD10304,pagina_11_img_9.jpeg
ZGOT035000000NNAD10011,pagina_120_img_1.jpeg
ZG1T040000000NN2D10572,pagina_120_img_10.jpeg
ZGOT040000000NN2D10096,pagina_120_img_2.jpeg
ZGOT040000000NN2D10254,pagina_120_img_3.jpeg
ZGOT040000000NN2D10337,pagina_120_img_4.jpeg
ZGOT045000000NN2D10048,pagina_120_img_5.jpeg
ZGOT050000000NN2D10169,pagina_120_img_6.jpeg
ZGOT050000000SNND10475,pagina_120_img_7.jpeg
ZGOT050000000SNND10535,pagina_120_img_8.jpeg
ZGPT060000000NNND10148,pagina_120_img_9.jpeg
ZGOT060000000NN2D10256,pagina_121_img_1.jpeg
ZGLT080000000NN2D10127,pagina_121_img_2.jpeg
ZGPT085000000NNND10149,pagina_121_img_3.jpeg
ZGOT030000000NND10474,pagina_121_img_4.jpeg
ZGOT035000000NN2D10474,pagina_121_img_5.jpeg
ZGOT040000000NN2D10474,pagina_121_img_6.jpeg
ZGOT045000000NN2D10474,pagina_121_img_7.jpeg
ZGOT050000000NND10463,pagina_122_img_1.jpeg
ZG2T60000000NN2D10060,pagina_122_img_2.jpeg
ZGOO0150X0400NN2D10501,pagina_122_img_3.jpeg
ZGOQ030000000NN2D10210,pagina_122_img_4.jpeg
ZGOQ045000000SB2D10453,pagina_122_img_5.jpeg
ZGOT020000000NN2C10167,pagina_123_img_1.jpeg
ZGOT025000000NN2C10165,pagina_123_img_10.jpeg
ZGOT030000000NN2C10160,pagina_123_img_2.jpeg
ZGOT035000000NN2C10304,pagina_123_img_3.jpeg
ZGOT040000000NN2C10337,pagina_123_img_4.jpeg
ZGOT020000000NN3D10167,pagina_123_img_5.jpeg
ZGOT025000000NN3D10165,pagina_123_img_6.jpeg
ZGOT030000000NN3D10160,pagina_123_img_7.jpeg
ZGOT035000000NN3D10304,pagina_123_img_8.jpeg
ZGOT040000000NN3D10337,pagina_123_img_9.jpeg
ZGOT008000000NN4D10025,pagina_125_img_1.jpeg
ZGOT010000000NN4D10092,pagina_125_img_10.jpeg
ZGOT012000000NN4D10027,pagina_125_img_2.jpeg
ZGOT015000000NN4D10017,pagina_125_img_3.jpeg
ZGOT018000000NN4D10093,pagina_125_img_4.jpeg
ZGOT020000000NN4D10167,pagina_125_img_5.jpeg
ZGOT020000000NN4D10007,pagina_125_img_6.jpeg
ZGOT022000000NN4D10101,pagina_125_img_7.jpeg
ZGOT025000000NN4D10165,pagina_125_img_8.jpeg
ZGOT025000000NN4D10100,pagina_125_img_9.jpeg
ZGOT030000000NN4D10160,pagina_126_img_1.jpeg
ZGOT030000000NN4D10068,pagina_126_img_2.jpeg
ZGOT030000000NN4D10079,pagina_126_img_3.jpeg
ZGOT035000000NN4D10304,pagina_127_img_1.jpeg
ZGOT035000000NN4D10011,pagina_127_img_10.jpeg
ZGOT040000000NN4D10120,pagina_127_img_2.jpeg
ZGOT040000000NN4D10254,pagina_127_img_3.jpeg
ZGOT040000000NN4D10337,pagina_127_img_4.jpeg
ZGOT040000000NN4D10049,pagina_127_img_5.jpeg
ZGOT045000000NN4D10048,pagina_127_img_6.jpeg
ZGOT050000000NN4D10263,pagina_127_img_7.jpeg
ZGOT060000000NN4D10256,pagina_127_img_8.jpeg
ZGOT006000000SN4D10323,pagina_127_img_9.jpeg
ZGOT008000000SN4D10324,pagina_128_img_1.jpeg
ZGOT010000000SN4D10325,pagina_128_img_2.jpeg
ZGOT012000000SN4D10158,pagina_128_img_3.jpeg
ZGOT012000000NN6D10027,pagina_128_img_4.jpeg
ZGOT015000000NN6D10017,pagina_128_img_5.jpeg
ZGOT018000000NN6D10093,pagina_128_img_6.jpeg
ZGOT020000000NN6D10007,pagina_129_img_1.jpeg
ZGOT020000000NN6D10167,pagina_129_img_2.jpeg
ZGOT020000000NN6D10440,pagina_129_img_3.jpeg
ZGOT025000000NN6D10100,pagina_129_img_4.jpeg
ZGOT025000000NN6D10165,pagina_129_img_5.jpeg
ZGOT030000000NN6D10160,pagina_12_img_1.jpeg
ZGOT030000000NN6D10068,pagina_12_img_10.jpeg
ZGOT030000000NN6D10079,pagina_12_img_2.jpeg
ZGOT035000000NN6D10011,pagina_12_img_3.jpeg
ZGOT035000000NN6D10304,pagina_12_img_4.jpeg
ZGOT040000000NN6D10049,pagina_12_img_5.jpeg
ZGOT040000000NN6D10337,pagina_12_img_6.jpeg
ZGOT045000000NN6D10048,pagina_12_img_7.jpeg
ZGOT045000000NN6D10047,pagina_12_img_8.jpeg
ZGOT060000000NN6D10256,pagina_12_img_9.jpeg
ZGLT080000000NN6D10127,pagina_130_img_1.jpeg
ZGOT015000000NN8D10017,pagina_130_img_10.jpeg
ZGOT018000000NN8D10073,pagina_130_img_2.jpeg
ZGOT020000000NN8D10007,pagina_130_img_3.jpeg
ZGOT022000000NN8D10101,pagina_130_img_4.jpeg
ZGOT025000000NN8D10100,pagina_130_img_5.jpeg
ZGOT030000000NN8D10068,pagina_130_img_6.jpeg
ZGOT035000000NN8D10011,pagina_130_img_7.jpeg
ZGOT040000000NN8D10096,pagina_130_img_8.jpeg
ZGOT045000000NN8D10048,pagina_130_img_9.jpeg
ZGOT050000000NN8D10169,pagina_131_img_1.jpeg
ZGOT060000000NN8D10256,pagina_132_img_1.jpeg
ZGOT025000000NB0D10354,pagina_132_img_10.jpeg
ZGOT030000000NN0D10079,pagina_132_img_2.jpeg
ZGOT035000000NN0D10212,pagina_132_img_3.jpeg
ZGOT045000000NN0D10358,pagina_132_img_4.jpeg
ZGOT050000000NN0D10169,pagina_132_img_5.jpeg
ZGOT060000000NN0D10256,pagina_132_img_6.jpeg
ZGLT080000000NN0D10127,pagina_132_img_7.jpeg
ZGOT020000000NF2D10480,pagina_132_img_8.jpeg
ZGOT020000000NFND10418,pagina_132_img_9.jpeg
ZGOT015000000NF2D10481,pagina_133_img_1.jpeg
ZGOT018000000NFND10421,pagina_133_img_10.jpeg
ZGOT020000000NFND10416,pagina_133_img_2.jpeg
ZGOT020000000NF2D10420,pagina_133_img_3.jpeg
ZGOT025000000SD4D10159,pagina_133_img_4.jpeg
ZGOT006000000SAND10376,pagina_133_img_5.jpeg
ZGOT008000000NAND10280,pagina_133_img_6.jpeg
ZGOT010000000NAND10282,pagina_133_img_7.jpeg
ZGOT010000000NAND10283,pagina_133_img_8.jpeg
ZGOT012000000NAND10377,pagina_133_img_9.jpeg
ZGOT015000000NAND10121,pagina_134_img_1.jpeg
ZGOT018000000NAND10284,pagina_134_img_10.jpeg
ZGOT020000000NAND10586,pagina_134_img_2.jpeg
ZGOT022000000NAND10286,pagina_134_img_3.jpeg
ZGOT022000000NAND10288,pagina_134_img_4.jpeg
ZGOT030000000NGND10305,pagina_134_img_5.jpeg
ZGOT030000000NNND10410,pagina_134_img_6.jpeg
ZFOT030000000NGND50206,pagina_134_img_7.jpeg
ZGOT030000000NGND10368,pagina_134_img_8.jpeg
ZGOT005000000NA2D10478,pagina_134_img_9.jpeg
ZGOT006000000NA2D10124,pagina_135_img_1.jpeg
ZGOT008000000NA2D10435,pagina_135_img_10.jpeg
ZGOT008000000SA2D10426,pagina_135_img_2.jpeg
ZGOT008000000NA2D10426,pagina_135_img_3.jpeg
ZGOT010000000NA2D10283,pagina_135_img_4.jpeg
ZGOT012000000NA2D10339,pagina_135_img_5.jpeg
ZGOT012000000NA2D10377,pagina_135_img_6.jpeg
ZGOT012000000NA2D10527,pagina_135_img_7.jpeg
ZGOT015000000NA2D10264,pagina_135_img_8.jpeg
ZGOT018000000NA2D10284,pagina_135_img_9.jpeg
ZGOT022000000NABI10286,pagina_136_img_1.jpeg
ZGOT022000000SA2D10288,pagina_136_img_2.jpeg
ZGOT015000000NA6D10121,pagina_136_img_3.jpeg
ZGOT035000000SN6D10055,pagina_136_img_4.jpeg
ZGOT018000000SSND10224,pagina_136_img_5.jpeg
ZGOT022000000SSND10222,pagina_137_img_1.jpeg
ZGOT025000000SSND10223,pagina_137_img_10.jpeg
ZFOT030000000NNND50232,pagina_137_img_2.jpeg
ZFOT040000000NNND50234,pagina_137_img_3.jpeg
ZFOT040000000NNND50285,pagina_137_img_4.jpeg
ZFOT050000000NNND50236,pagina_137_img_5.jpeg
ZFOT080000000NBND50289,pagina_137_img_6.jpeg
ZFOR0250X0300NNND50329,pagina_137_img_7.jpeg
ZGOT006000000SIND10528,pagina_137_img_8.jpeg
ZGOT008000000NNND10163,pagina_137_img_9.jpeg
ZGOT008000000NIND10302,pagina_138_img_1.jpeg
ZGOT010000000SDND10118,pagina_138_img_2.jpeg
ZGOT010000000NIND10299,pagina_138_img_3.jpeg
ZGOT012000000NIND10300,pagina_138_img_4.jpeg
ZGOT010000000NDND10265,pagina_138_img_5.jpeg
ZGOT015000000NIND10301,pagina_138_img_6.jpeg
ZGOT015000000NDND10371,pagina_138_img_7.jpeg
ZGOT018000000NDND10033,pagina_139_img_1.jpeg
ZGOT018000000NNND10033,pagina_139_img_2.jpeg
ZGOT020000000NDND10266,pagina_139_img_3.jpeg
ZGOT022000000NDND10270,pagina_139_img_4.jpeg
ZGOT022000000NNND10269,pagina_139_img_5.jpeg
ZG1T025000000NDND10575,pagina_13_img_1.jpeg
ZGOT025000000NDND10373,pagina_13_img_10.jpeg
ZGOT025000000NDND10267,pagina_13_img_2.jpeg
ZG1T030000000NDND10576,pagina_13_img_3.jpeg
ZGOT030000000NDND10074,pagina_13_img_4.jpeg
ZGOT030000000NNND10268,pagina_13_img_5.jpeg
ZGOT030000000NDND10046,pagina_13_img_6.jpeg
ZGOT030000000NDND10587,pagina_13_img_7.jpeg
ZG1T040000000NDND10129,pagina_13_img_8.jpeg
ZGOQ020000000SNND10341,pagina_13_img_9.jpeg
ZGOR0200X0220NDND10583,pagina_140_img_1.jpeg
ZGOR0250X0300NDND10584,pagina_140_img_10.jpeg
ZGOR0300X0350NDND10585,pagina_140_img_2.jpeg
ZGOT008000000NN2D10163,pagina_140_img_3.jpeg
ZGOT010000000ND2D10342,pagina_140_img_4.jpeg
ZGOT010000000ND2D10265,pagina_140_img_5.jpeg
ZGOT015000000ND2D10419,pagina_140_img_6.jpeg
ZGOT018000000ND2D10033,pagina_140_img_7.jpeg
ZGOT018000000SD2D10033,pagina_140_img_8.jpeg
ZGOT020000000NN2D10423,pagina_140_img_9.jpeg
ZGOT030000000NN2D10424,pagina_141_img_1.jpeg
ZGOT018000000ND6D10372,pagina_141_img_10.jpeg
ZGOT020000000ND6D10266,pagina_141_img_2.jpeg
ZGOT022000000NDND10451,pagina_141_img_3.jpeg
ZGOT025000000ND6D10267,pagina_141_img_4.jpeg
ZGOT030000000ND6D10046,pagina_141_img_5.jpeg
ZGOT025000000NGND10294,pagina_141_img_6.jpeg
ZGOT015000000SN2R10017,pagina_141_img_7.jpeg
ZGOT015000000NN2R10017,pagina_141_img_8.jpeg
ZGOT018000000NR2D10248,pagina_141_img_9.jpeg
ZGOT022000000NN4R10009,pagina_142_img_1.jpeg
ZGOT025000000NN4R10100,pagina_142_img_10.jpeg
ZGOT030000000NR4R10492,pagina_142_img_2.jpeg
ZGOT030000000NR4D10156,pagina_142_img_3.jpeg
ZGOT030000000NR4R10490,pagina_142_img_4.jpeg
ZGOT040000000NN4R10120,pagina_142_img_5.jpeg
ZGOT005000000NNND10340,pagina_142_img_6.jpeg
ZGOT005000000SNND10393,pagina_142_img_7.jpeg
ZGOT005000000NNND10326,pagina_142_img_8.jpeg
ZGOT006000000SNND10391,pagina_142_img_9.jpeg
ZGOT008000000NNND10095,pagina_143_img_1.jpeg
ZGOT007000000NNND10143,pagina_143_img_2.jpeg
ZGOT008000000NNND10022,pagina_143_img_3.jpeg
ZGOT010000000NNND10170,pagina_143_img_4.jpeg
ZGOT012000000NNND10448,pagina_143_img_5.jpeg
ZGOT012000000NNND10144,pagina_144_img_1.jpeg
ZGOT012000000NNND10171,pagina_144_img_10.jpeg
ZGOT015000000NNND10142,pagina_144_img_2.jpeg
ZGOT015000000NNND10125,pagina_144_img_3.jpeg
ZGOT015000000NNND10173,pagina_144_img_4.jpeg
ZGOT015000000NNND10258,pagina_144_img_5.jpeg
ZGOT015000000NNND10366,pagina_144_img_6.jpeg
ZGOT015000000NNND10082,pagina_144_img_7.jpeg
ZGOT018000000NGND10202,pagina_144_img_8.jpeg
ZGOT020000000NNND10259,pagina_144_img_9.jpeg
ZGOT020000000NNND10331,pagina_145_img_1.jpeg
ZGOT020000000NNND10177,pagina_145_img_10.jpeg
ZGOT020000000NNND10174,pagina_145_img_2.jpeg
ZGOT020000000NNND10029,pagina_145_img_3.jpeg
ZGOT020000000NNND10242,pagina_145_img_4.jpeg
ZGOT020000000NNND10097,pagina_145_img_5.jpeg
ZGOT020000000NNND10052,pagina_145_img_6.jpeg
ZGOT022000000NNND10061,pagina_145_img_7.jpeg
ZGOT022000000NNND10252,pagina_145_img_8.jpeg
ZGOT022000000NNND10051,pagina_145_img_9.jpeg
ZGOT022000000NGND10273,pagina_146_img_1.jpeg
ZGOT022000000NGND10277,pagina_146_img_10.jpeg
ZGOT022000000NNND10185,pagina_146_img_2.jpeg
ZGOT022000000NNND10215,pagina_146_img_3.jpeg
ZGOT018000000NNND10446,pagina_146_img_4.jpeg
ZGOT022000000NNND10117,pagina_146_img_5.jpeg
ZGOT022000000NNND10251,pagina_146_img_6.jpeg
ZGOT025000000NNND10071,pagina_146_img_7.jpeg
ZGOT025000000NNND10262,pagina_146_img_8.jpeg
ZGOT025000000NNND10150,pagina_146_img_9.jpeg
ZGOT025000000NNND10178,pagina_147_img_1.jpeg
ZGOT025000000NNND10190,pagina_147_img_10.jpeg
ZGOT025000000NNND10021,pagina_147_img_2.jpeg
ZGOT025000000NNND10245,pagina_147_img_3.jpeg
ZGOT025000000NNND10374,pagina_147_img_4.jpeg
ZGOT025000000NRND10362,pagina_147_img_5.jpeg
ZGOT025000000NNND10175,pagina_147_img_6.jpeg
ZGOT025000000NNND10246,pagina_147_img_7.jpeg
ZGOT025000000NNND10244,pagina_147_img_8.jpeg
ZGOT025000000NNND10431,pagina_147_img_9.jpeg
ZGOT025000000NNND10207,pagina_148_img_1.jpeg
ZGOT025000000NNND10208,pagina_148_img_10.jpeg
ZGOT025000000NNND10441,pagina_148_img_2.jpeg
ZGOT028000000NGND10275,pagina_148_img_3.jpeg
ZGOT028000000NGND10279,pagina_148_img_4.jpeg
ZGOT028000000NNND10247,pagina_148_img_5.jpeg
ZGOT028000000NNND10443,pagina_148_img_6.jpeg
ZGOT028000000NNND10240,pagina_148_img_7.jpeg
ZGOT030000000NNND10253,pagina_148_img_8.jpeg
ZGOT030000000NNND10179,pagina_148_img_9.jpeg
ZGOT030000000NNND10105,pagina_149_img_1.jpeg
ZGOT030000000NGND10363,pagina_149_img_10.jpeg
ZGOT030000000NGND10437,pagina_149_img_2.jpeg
ZGOT030000000NNND10186,pagina_149_img_3.jpeg
ZGOT030000000NGND10432,pagina_149_img_4.jpeg
ZGOT030000000NNND10250,pagina_149_img_5.jpeg
ZGOT030000000NGND10187,pagina_149_img_6.jpeg
ZGOT030000000NNND10257,pagina_149_img_7.jpeg
ZGOT030000000NGND10285,pagina_149_img_8.jpeg
ZGOT030000000SNND10579,pagina_149_img_9.jpeg
ZGOT030000000NGND10281,pagina_14_img_1.jpeg
ZGOT030000000NNND10184,pagina_14_img_10.jpeg
ZGOT030000000NNND10176,pagina_14_img_2.jpeg
ZGOT030000000NNND10050,pagina_14_img_3.jpeg
ZGOT030000000NNND10217,pagina_14_img_4.jpeg
ZGOT030000000NNND10156,pagina_14_img_5.jpeg
ZGOT030000000NNND10330,pagina_14_img_6.jpeg
ZGOT030000000NNND10180,pagina_14_img_7.jpeg
ZGOT030000000NNND10445,pagina_14_img_8.jpeg
ZGOT030000000NNND10106,pagina_14_img_9.jpeg
ZGOT035000000NNND10249,pagina_150_img_1.jpeg
ZGOT035000000NNND10189,pagina_150_img_10.jpeg
ZGOT040000000NGND10290,pagina_150_img_2.jpeg
ZGOT040000000NGND10287,pagina_150_img_3.jpeg
ZGOT040000000NGND10289,pagina_150_img_4.jpeg
ZGOT040000000NNND10054,pagina_150_img_5.jpeg
ZGOT040000000NNND10032,pagina_150_img_6.jpeg
ZGOT040000000NNND10181,pagina_150_img_7.jpeg
ZGOT040000000NNND10255,pagina_150_img_8.jpeg
ZGOT040000000NNND10447,pagina_150_img_9.jpeg
ZGOT045000000NNND10243,pagina_151_img_1.jpeg
ZG2T050000000NNND10228,pagina_151_img_10.jpeg
ZGOT050000000NNND10260,pagina_151_img_2.jpeg
ZGOT050000000NNND10263,pagina_151_img_3.jpeg
ZGOT050000000NNND10261,pagina_151_img_4.jpeg
ZGOT050000000NNND10188,pagina_151_img_5.jpeg
ZG2T60000000NNND10060,pagina_151_img_6.jpeg
ZGOO0080X0120NGND10183,pagina_151_img_7.jpeg
ZGOT010000000NNND10115,pagina_151_img_8.jpeg
ZGOO0120XNNND10072,pagina_151_img_9.jpeg
ZGOO0080X0120NNND10194,pagina_152_img_1.jpeg
ZGOO0120X0200NNND10195,pagina_152_img_10.jpeg
ZGOT020000000NNND10359,pagina_152_img_2.jpeg
ZGOT020000000NNND10119,pagina_152_img_3.jpeg
ZGOO0180X0250NNND10193,pagina_152_img_4.jpeg
ZGOO0200X0300NNND10192,pagina_152_img_5.jpeg
ZGOO0220X0300NNND10182,pagina_152_img_6.jpeg
ZGOO0220X0350NNND10191,pagina_152_img_7.jpeg
ZGOO0350X0250NNND10057,pagina_152_img_8.jpeg
ZGOO0250X0450SNND10498,pagina_152_img_9.jpeg
ZGOO0260X0450SNND10334,pagina_153_img_1.jpeg
ZGOO0250X0450SNND10495,pagina_153_img_10.jpeg
ZGOO0450X0550SNND10392,pagina_153_img_2.jpeg
ZGOO0450X0500SNND10484,pagina_153_img_3.jpeg
ZGOQ022000000NNND10209,pagina_153_img_4.jpeg
ZGOR0220XNNND10075,pagina_153_img_5.jpeg
ZGOP0200X0450SNND10493,pagina_153_img_6.jpeg
ZGOP0300X0450SNND10491,pagina_153_img_7.jpeg
ZGOP0250X0500SNND10499,pagina_153_img_8.jpeg
ZGOO0260X0450NNND10333,pagina_153_img_9.jpeg
ZGOO0400X0500NNND10332,pagina_154_img_1.jpeg
ZGOT040000000SNND10133,pagina_154_img_10.jpeg
ZGOP0350X0900NNND10388,pagina_154_img_2.jpeg
ZGOT012000000NBND10172,pagina_154_img_3.jpeg
ZGOT025000000SBND10150,pagina_154_img_4.jpeg
ZGOT025000000SBND10131,pagina_154_img_5.jpeg
ZGOT030000000NB2D10329,pagina_154_img_6.jpeg
ZGOT035000000SBND10364,pagina_154_img_7.jpeg
ZG1T045000000NBND10028,pagina_154_img_8.jpeg
ZGOT010000000NN2D10170,pagina_154_img_9.jpeg
ZGOT010000000NN2D10303,pagina_155_img_1.jpeg
ZGOT012000000NN2D10171,pagina_155_img_10.jpeg
ZGOT012000000NN2D10144,pagina_155_img_2.jpeg
ZGOT012000000NNND10458,pagina_155_img_3.jpeg
ZGOT015000000NN2D10125,pagina_155_img_4.jpeg
ZGOT015000000NN2D10327,pagina_155_img_5.jpeg
ZGOT015000000NN2D10415,pagina_155_img_6.jpeg
ZGOT015000000NN2D10082,pagina_155_img_7.jpeg
ZGOT020000000NN2D10259,pagina_155_img_8.jpeg
ZGOT020000000NN2D10331,pagina_155_img_9.jpeg
ZGOT020000000NN2D10177,pagina_156_img_1.jpeg
ZGOT020000000NN2D10174,pagina_156_img_10.jpeg
ZGOT020000000NN2D10242,pagina_156_img_2.jpeg
ZGOT020000000NN2D10097,pagina_156_img_3.jpeg
ZGOT022000000NN2D10051,pagina_156_img_4.jpeg
ZGOT022000000SN2D10251,pagina_156_img_5.jpeg
ZGOT022000000NN2D10185,pagina_156_img_6.jpeg
ZGOT022000000NN2D10061,pagina_156_img_7.jpeg
ZGOT022000000SN2D10399,pagina_156_img_8.jpeg
ZGOT022000000NN2D10215,pagina_156_img_9.jpeg
ZGOT025000000NN2D10071,pagina_157_img_1.jpeg
ZGOT025000000NN2D10190,pagina_157_img_10.jpeg
ZGOT025000000NN2D10245,pagina_157_img_2.jpeg
ZGOT025000000NN2D10178,pagina_157_img_3.jpeg
ZGOT025000000NN2D10175,pagina_157_img_4.jpeg
ZGOT028000000NN2D10247,pagina_157_img_5.jpeg
ZGOT028000000NN2D10240,pagina_157_img_6.jpeg
ZGOT028000000NN2D10443,pagina_157_img_7.jpeg
ZGOT030000000NN2D10413,pagina_157_img_8.jpeg
ZGOT030000000NN2D10329,pagina_157_img_9.jpeg
ZGOT030000000NN2D10186,pagina_158_img_1.jpeg
ZGOT030000000NN2D10330,pagina_158_img_10.jpeg
ZGOT030000000NN2D10250,pagina_158_img_2.jpeg
ZGOT030000000NN2D10050,pagina_158_img_3.jpeg
ZGOT030000000NN2D10179,pagina_158_img_4.jpeg
ZGOT030000000NN2D10217,pagina_158_img_5.jpeg
ZGOT030000000NN2D10400R,pagina_158_img_6.jpeg
ZGOT030000000NN2D10184,pagina_158_img_7.jpeg
ZGOT030000000NN2D10180,pagina_158_img_8.jpeg
ZGOT030000000NN2D10452,pagina_158_img_9.jpeg
ZGOT035000000NN2D10249,pagina_159_img_1.jpeg
ZGOT035000000NN2D10189,pagina_159_img_10.jpeg
ZGOT040000000NN2D10054,pagina_159_img_2.jpeg
ZGOT040000000NN2D10181,pagina_159_img_3.jpeg
ZGOT040000000NN2D10032,pagina_159_img_4.jpeg
ZGOT050000000NN2D10365,pagina_159_img_5.jpeg
ZGOT010000000NN2D10115,pagina_159_img_6.jpeg
ZGOO0080X0120NG2D10183,pagina_159_img_7.jpeg
ZGOO0120XNN2D10072,pagina_159_img_8.jpeg
ZGOO0080X0120NN2D10194,pagina_159_img_9.jpeg
ZGOO0120X0200NN2D10195,pagina_15_img_1.jpeg
ZGOT020000000NN2D10403,pagina_15_img_10.jpeg
ZGOT020000000NN2D10119,pagina_15_img_2.jpeg
ZGOO0180X0250NN2D10193,pagina_15_img_3.jpeg
ZGOO0220X0300NN2D10182,pagina_15_img_4.jpeg
ZGOO0350X0250NN2D10057,pagina_15_img_5.jpeg
ZGOO0250X0450SN2D10487,pagina_15_img_6.jpeg
ZGOO0300X0450SN2D10489,pagina_15_img_7.jpeg
ZGOO0350X0450NN2D10161,pagina_15_img_8.jpeg
ZGOO0450X0500NNND10486,pagina_15_img_9.jpeg
ZGOO0450X0500SN2D10486,pagina_160_img_1.jpeg
ZGOP0250X0450SNND10483,pagina_160_img_10.jpeg
ZGOT015000000NN4D10173,pagina_160_img_2.jpeg
ZGOT020000000NN4D10097,pagina_160_img_3.jpeg
ZGOT025000000NN4D10021,pagina_160_img_4.jpeg
ZGO030000000NN4D10417,pagina_160_img_5.jpeg
ZGOO0350X0250NN4D10057,pagina_160_img_6.jpeg
ZGOT035000000NN4D10189,pagina_160_img_7.jpeg
ZGOT035000000NN4D10249,pagina_160_img_8.jpeg
ZGOT040000000NN4D10181,pagina_160_img_9.jpeg
ZGOT010000000NN4D10115,pagina_161_img_1.jpeg
ZGOO0120XNN4D10072,pagina_161_img_10.jpeg
ZGOO0120X0200NN4D10195,pagina_161_img_2.jpeg
ZGOT020000000NN4D10119,pagina_161_img_3.jpeg
ZGOO0180X0250NN4D10193,pagina_161_img_4.jpeg
ZGOO0220X0300NN4D10182,pagina_161_img_5.jpeg
ZGOT020000000NN6D10177,pagina_161_img_6.jpeg
ZGOT020000000NN6D10097,pagina_161_img_7.jpeg
ZGOT025000000NN6D10071,pagina_161_img_8.jpeg
ZGOT025000000NN6D10190,pagina_161_img_9.jpeg
ZGOT030000000NN6D10386,pagina_162_img_1.jpeg
ZGOT030000000NN6D10494,pagina_162_img_10.jpeg
ZGOT035000000NN6D10189,pagina_162_img_2.jpeg
ZGOT040000000NN6D10054,pagina_162_img_3.jpeg
ZGOT018000000NN6D10387,pagina_162_img_4.jpeg
ZGOT010000000NGND10320,pagina_162_img_5.jpeg
ZGOT018000000NDND10271,pagina_162_img_6.jpeg
ZGOT020000000NGND10538,pagina_162_img_7.jpeg
ZGOT020000000NDND10272,pagina_162_img_8.jpeg
ZGOT025000000NDND10274,pagina_162_img_9.jpeg
ZGOT025000000NGND10375,pagina_163_img_1.jpeg
ZGOT030000000NGND10433,pagina_163_img_10.jpeg
ZGOT030000000NGND10439,pagina_163_img_2.jpeg
ZGOP0110X0320NGND10467,pagina_163_img_3.jpeg
ZF1T030000000NBDP20546,pagina_163_img_4.jpeg
ZF1T040000000NBDP20537,pagina_163_img_5.jpeg
ZF1T060000000NBDP20536,pagina_163_img_6.jpeg
ZFOP0190X0250NGND20105,pagina_163_img_7.jpeg
ZFOT003500000SNND20460,pagina_163_img_8.jpeg
ZFOT003500000NNND20422,pagina_163_img_9.jpeg
ZFOT004000000NNND20360,pagina_164_img_1.jpeg
ZFOT004500000NNND20294,pagina_164_img_10.jpeg
ZFOT004500000NNND20293,pagina_164_img_2.jpeg
ZFOT004500000NNND20447,pagina_164_img_3.jpeg
ZFOT005000000NNND20394,pagina_164_img_4.jpeg
ZFOT005000000NNND20377,pagina_164_img_5.jpeg
ZFOT005000000SNND20130,pagina_164_img_6.jpeg
ZFOT012000000SBND20378,pagina_164_img_7.jpeg
ZFOT005000000SNND20463,pagina_164_img_8.jpeg
ZFOT005000000SNND20447,pagina_164_img_9.jpeg
ZFOT005000000SNND20376,pagina_165_img_1.jpeg
ZFOT006000000SNND20035,pagina_165_img_10.jpeg
ZFOT006000000NNND20421,pagina_165_img_2.jpeg
ZFOT006000000NNND20039,pagina_165_img_3.jpeg
ZFOT006000000SNND20461,pagina_165_img_4.jpeg
ZFOT008000000NNND20438,pagina_165_img_5.jpeg
ZFOT008000000SNND20035,pagina_165_img_6.jpeg
ZFOT008000000NNND20037,pagina_165_img_7.jpeg
ZFOT008000000NNND20364,pagina_165_img_8.jpeg
ZFOT008000000NNND20270,pagina_165_img_9.jpeg
ZFOT008000000NNND20292,pagina_166_img_1.jpeg
ZFBQ008000000NNND20621,pagina_166_img_2.jpeg
ZFOT009000000SNND20274,pagina_166_img_3.jpeg
ZFOT010000000SGND20372,pagina_166_img_4.jpeg
ZFOT010000000NNND20079,pagina_167_img_1.jpeg
ZFOT010000000NNND20051,pagina_167_img_2.jpeg
ZFOT010000000NGND20353,pagina_167_img_3.jpeg
ZFOT010000000NNND20402,pagina_167_img_4.jpeg
ZFOT010000000SNND20073,pagina_167_img_5.jpeg
ZFOT010000000SGND20540,pagina_167_img_6.jpeg
ZFOT010000000NNND20068,pagina_167_img_7.jpeg
ZFOT010000000SNND20362,pagina_167_img_8.jpeg
ZFOT010000000NNND20261,pagina_167_img_9.jpeg
ZFOT010000000SNND20423,pagina_168_img_1.jpeg
ZFOT010000000NNND20036,pagina_168_img_2.jpeg
ZFOT010000000NNND20429,pagina_168_img_3.jpeg
ZFOT010000000NNND20388,pagina_168_img_4.jpeg
ZFOT010000000NNND20264,pagina_168_img_5.jpeg
ZFOT012000000NRND20370,pagina_169_img_1.jpeg
ZFOT012000000NGND20396,pagina_169_img_2.jpeg
ZFOT012000000NNND20054,pagina_16_img_1.jpeg
ZFOT012000000NGND20289,pagina_16_img_10.jpeg
ZFOQ012000000NGND20373,pagina_16_img_2.jpeg
ZFOT012000000NNND20049,pagina_16_img_3.jpeg
ZFOT012000000NNND20338,pagina_16_img_4.jpeg
ZFOT012000000NNND20354,pagina_16_img_5.jpeg
ZFOT012000000SGND20320,pagina_16_img_6.jpeg
ZFOT012000000NNND20221,pagina_16_img_7.jpeg
ZFOT012000000NNND20033,pagina_16_img_8.jpeg
ZFOT012000000NNND20038,pagina_16_img_9.jpeg
ZFOT012000000NNND20071,pagina_170_img_1.jpeg
ZFOT012000000NNND20375,pagina_170_img_10.jpeg
ZFOT012000000NNND20046,pagina_170_img_2.jpeg
ZFOT015000000SGND20129,pagina_170_img_3.jpeg
ZFOT015000000NGND20368,pagina_170_img_4.jpeg
ZFOT015000000NGND20174,pagina_170_img_5.jpeg
ZFOT015000000NGND20347,pagina_170_img_6.jpeg
ZFOT015000000NNND20324,pagina_170_img_7.jpeg
ZFOT015000000NNND20215,pagina_170_img_8.jpeg
ZFOT015000000NNND20126,pagina_170_img_9.jpeg
ZFOT015000000NNND20405,pagina_171_img_1.jpeg
ZFOT015000000NGND20380,pagina_171_img_10.jpeg
ZFOT015000000NNND20371,pagina_171_img_2.jpeg
ZFOT015000000SNND20428,pagina_171_img_3.jpeg
ZFOT015000000NNND20070,pagina_171_img_4.jpeg
ZFOT015000000NNND20065,pagina_171_img_5.jpeg
FZOT015000000NNND20005,pagina_171_img_6.jpeg
ZFOT015000000NNND20081,pagina_171_img_7.jpeg
ZFOT015000000NNND20214,pagina_171_img_8.jpeg
ZFOT015000000NNND20344,pagina_171_img_9.jpeg
ZFOT015000000NNND20232,pagina_172_img_1.jpeg
ZFOT020000000NIND20321,pagina_172_img_2.jpeg
ZFOT016000000NNND20059,pagina_172_img_3.jpeg
ZFOT018000000NGND20391,pagina_172_img_4.jpeg
ZFOT018000000NGND20288,pagina_172_img_5.jpeg
ZFOT018000000NGND20337,pagina_173_img_1.jpeg
ZFOT018000000NNND20109,pagina_173_img_10.jpeg
ZFOT018000000NNND20066,pagina_173_img_2.jpeg
ZFOT018000000NNND20351,pagina_173_img_3.jpeg
ZFOT018000000NNND20222,pagina_173_img_4.jpeg
ZFOT018000000NNND20401,pagina_173_img_5.jpeg
ZFOT018000000NNND20028,pagina_173_img_6.jpeg
ZFOT018000000NNND20023,pagina_173_img_7.jpeg
ZFOT020000000NNND20386,pagina_173_img_8.jpeg
ZFOT020000000NNND20271,pagina_173_img_9.jpeg
ZFOT020000000NNGND20186,pagina_174_img_1.jpeg
ZFOT020000000NNND20387,pagina_174_img_10.jpeg
ZFAT020000000NNND20091,pagina_174_img_2.jpeg
ZFOT020000000NNND20055,pagina_174_img_3.jpeg
ZFOT020000000NGND20434,pagina_174_img_4.jpeg
ZFOT020000000NNND20599,pagina_174_img_5.jpeg
ZFOT020000000NNND20571,pagina_174_img_6.jpeg
ZFOT020000000NGND20231,pagina_174_img_7.jpeg
ZFOT020000000NNND20040,pagina_174_img_8.jpeg
ZFOT020000000NNND20401,pagina_174_img_9.jpeg
ZFOT020000000NNND20082,pagina_175_img_1.jpeg
ZFOT020000000NGND20091,pagina_175_img_2.jpeg
ZFOT020000000NNND20091,pagina_175_img_3.jpeg
ZFOT020000000NNND20413,pagina_175_img_4.jpeg
ZFOT020000000NNND20404,pagina_176_img_1.jpeg
ZFOT022000000NNND20192,pagina_176_img_2.jpeg
ZFOT022000000NNND20060,pagina_176_img_3.jpeg
ZF1T025000000NNND20593,pagina_176_img_4.jpeg
ZFOT025000000NNND20084,pagina_176_img_5.jpeg
ZFOT025000000NNND20507,pagina_176_img_6.jpeg
ZFOT025000000NNND20319,pagina_176_img_7.jpeg
ZFOT025000000NNND20044,pagina_176_img_8.jpeg
ZFOT025000000NNND20410,pagina_177_img_1.jpeg
ZFOT025000000NNGND20185,pagina_177_img_2.jpeg
ZFOT025000000NNND20229,pagina_177_img_3.jpeg
ZFAT025000000NNND20519,pagina_177_img_4.jpeg
ZFOT025000000NNND20208,pagina_177_img_5.jpeg
ZFOT025000000NNND20345,pagina_177_img_6.jpeg
ZFOT025000000NNND20346,pagina_177_img_7.jpeg
ZFOT025000000NGND20299,pagina_177_img_8.jpeg
ZFOT025000000NNND20411,pagina_178_img_1.jpeg
ZFOT025000000NNND20272,pagina_178_img_2.jpeg
ZF1T030000000NNND20594,pagina_178_img_3.jpeg
ZFOT030000000NGND20494,pagina_178_img_4.jpeg
ZFOT030000000NGND20393,pagina_178_img_5.jpeg
ZFOT030000000NNND20205,pagina_178_img_6.jpeg
ZFOT030000000NNND20062,pagina_178_img_7.jpeg
ZFOT030000000NNND20340,pagina_178_img_8.jpeg
ZFOT030000000NGND20167,pagina_179_img_1.jpeg
ZFOT030000000NGND20163,pagina_179_img_10.jpeg
ZFOT030000000NGND20205,pagina_179_img_2.jpeg
ZFOT030000000NNND20102,pagina_179_img_3.jpeg
ZFOT030000000NRND20339,pagina_179_img_4.jpeg
ZFOT030000000NNGND20209,pagina_179_img_5.jpeg
ZFOT030000000NNND20436,pagina_179_img_6.jpeg
ZFOT030000000NGND20314,pagina_179_img_7.jpeg
ZFOT030000000NNND20078,pagina_179_img_8.jpeg
ZFOT030000000NGND20169,pagina_179_img_9.jpeg
ZFOT030000000NNND20295,pagina_17_img_1.jpeg
ZFOT035000000NNND20262,pagina_17_img_10.jpeg
ZFOT035000000NGND20145,pagina_17_img_2.jpeg
ZFOT035000000NNND20412,pagina_17_img_3.jpeg
ZF1T035000000NNND20053,pagina_17_img_4.jpeg
ZFOT035000000NNND50060,pagina_17_img_5.jpeg
ZFOT035000000NGND20496,pagina_17_img_6.jpeg
ZFOT035000000NGND20164,pagina_17_img_7.jpeg
ZFOT035000000SNND20559,pagina_17_img_8.jpeg
ZFOT035000000NGND20495,pagina_17_img_9.jpeg
ZFOT035000000NNND20048,pagina_180_img_1.jpeg
ZFOT035000000NNND20111,pagina_180_img_10.jpeg
ZFOT035000000NNND20047,pagina_180_img_2.jpeg
ZFOT035000000NNND20290,pagina_180_img_3.jpeg
ZFOT035000000NGND20227,pagina_180_img_4.jpeg
ZFOT038000000NNND50059,pagina_180_img_5.jpeg
ZF1T040000000NNND20596,pagina_180_img_6.jpeg
ZF1T040000000NNND20595,pagina_180_img_7.jpeg
ZF1T040000000NGND20592,pagina_180_img_8.jpeg
ZFOT040000000NNND20615,pagina_180_img_9.jpeg
ZFOT040000000NRND20335,pagina_181_img_1.jpeg
ZFOT040000000NGND20496,pagina_181_img_10.jpeg
ZFOT040000000NMND20497,pagina_181_img_2.jpeg
ZFOT040000000NNND20180,pagina_181_img_3.jpeg
ZFOT040000000NNND20041,pagina_181_img_4.jpeg
ZFOT040000000NGND20165,pagina_181_img_5.jpeg
ZFOT040000000NNND20061,pagina_181_img_6.jpeg
ZF2T045000000NNND20161,pagina_181_img_7.jpeg
ZFOT045000000NNND20124,pagina_181_img_8.jpeg
ZFOT045000000NNND20584,pagina_181_img_9.jpeg
ZF2T050000000NNND20112,pagina_182_img_1.jpeg
ZF2T050000000NNND20493,pagina_182_img_2.jpeg
ZFOT050000000NRND20342,pagina_182_img_3.jpeg
ZFOT050000000NNND20225,pagina_182_img_4.jpeg
ZF2T060000000NNND20159,pagina_182_img_5.jpeg
ZF1T065000000NNND20560,pagina_182_img_6.jpeg
ZFLT075000000NNND20151,pagina_182_img_7.jpeg
ZF2T080000000NNND20158,pagina_182_img_8.jpeg
ZFOP0060X0100NNND20239,pagina_182_img_9.jpeg
ZFOM0090X0160NNND20426,pagina_184_img_1.jpeg
ZFOM0100X0250NNND20427,pagina_184_img_10.jpeg
ZFOM0120X0360NNND20241,pagina_184_img_2.jpeg
ZFOM0160X0300NNND20088,pagina_184_img_3.jpeg
ZFOM0160X0310NNND20099,pagina_184_img_4.jpeg
ZF1M0220X0350NNND20144,pagina_184_img_5.jpeg
ZFOM0220X0350NNND20143,pagina_184_img_6.jpeg
ZFOO0085X0170SNND20485,pagina_184_img_7.jpeg
ZGOO0260X0500NNND10335,pagina_184_img_8.jpeg
ZGOO0450X0550SNND10390,pagina_184_img_9.jpeg
ZFOQ008000000NNND20234,pagina_185_img_1.jpeg
ZFOQ010000000NNND20090,pagina_185_img_10.jpeg
ZFOQ120000000NNND20093,pagina_185_img_2.jpeg
ZFOQ012000000NNND20400,pagina_185_img_3.jpeg
ZFOQ012000000NNND20207,pagina_185_img_4.jpeg
ZFOQ012000000NNND20213,pagina_185_img_5.jpeg
ZFOQ012000000NNND20398,pagina_185_img_6.jpeg
ZFOQ012000000NNND20217,pagina_185_img_7.jpeg
ZFOQ015000000NNND20240,pagina_185_img_8.jpeg
ZFOQ015000000NNND20206,pagina_185_img_9.jpeg
ZFOQ015000000NNND20348,pagina_187_img_1.jpeg
ZFOQ015000000NNND20330,pagina_187_img_10.jpeg
ZFOQ015000000NNND20328,pagina_187_img_2.jpeg
ZFOQ015000000NNND20545,pagina_187_img_3.jpeg
ZFOQ015000000NNND20218,pagina_187_img_4.jpeg
ZFOQ018000000NNND20203,pagina_187_img_5.jpeg
ZFOQ020000000NNND20382,pagina_187_img_6.jpeg
ZFOQ020000000NNND20187,pagina_187_img_7.jpeg
ZFOQ020000000NNND20323,pagina_187_img_8.jpeg
ZFOQ020000000NNND20403,pagina_187_img_9.jpeg
ZFOQ020000000NNND20194,pagina_189_img_1.jpeg
ZFOQ022000000NNND20336,pagina_189_img_10.jpeg
ZFOQ022000000NNND20233,pagina_189_img_2.jpeg
ZFOQ022000000NNND20045,pagina_189_img_3.jpeg
ZFOQ025000000NNND20211,pagina_189_img_4.jpeg
ZFOQ025000000NNND20202,pagina_189_img_5.jpeg
ZFOQ025000000NNND20042,pagina_189_img_6.jpeg
ZF1Q025000000NNND20597,pagina_189_img_7.jpeg
ZF1Q030000000NNND20598,pagina_189_img_8.jpeg
ZFOQ030000000NNND20184,pagina_189_img_9.jpeg
ZFOQ030000000NNND20613,pagina_18_img_1.jpeg
ZFOQ030000000NNND20188,pagina_18_img_10.jpeg
ZFOQ030000000NNND20119,pagina_18_img_2.jpeg
ZFOQ030000000NNND20191,pagina_18_img_3.jpeg
ZFOQ030000000NNND20183,pagina_18_img_4.jpeg
ZFOQ035000000NNND20291,pagina_18_img_5.jpeg
ZFLQ050000000NNND20251,pagina_18_img_6.jpeg
ZFOR0100X0150SNND20313,pagina_18_img_7.jpeg
ZFOR0150X0180SNND20486,pagina_18_img_8.jpeg
ZFOR0160X0230NNND20235,pagina_18_img_9.jpeg
ZFOT012000000NIND20329,pagina_190_img_1.jpeg
ZFOP0030X0060NNND20242,pagina_190_img_10.jpeg
ZFOP0040X0070NN4D20250,pagina_190_img_2.jpeg
ZFOP0050X0090NNND20243,pagina_190_img_3.jpeg
ZFOP0060X0100NNND20236,pagina_190_img_4.jpeg
ZFOP0060X0120NNND20244,pagina_190_img_5.jpeg
ZFOP0060X0200NNND20246,pagina_190_img_6.jpeg
ZFOP0080X0260NNND20245,pagina_190_img_7.jpeg
ZFOP0090X0180NNND20237,pagina_190_img_8.jpeg
ZFOP0100X0130SNND20487,pagina_190_img_9.jpeg
ZFOP0100X0130NNND20312,pagina_191_img_1.jpeg
ZFOP0150X0290NNND20247,pagina_191_img_10.jpeg
ZFOP0150X0330NNND20248,pagina_191_img_2.jpeg
ZFOM0180X0300NNND20620,pagina_191_img_3.jpeg
ZFOP0380X0450NNND20515,pagina_191_img_4.jpeg
ZFOA0080X0120NNND20152,pagina_191_img_5.jpeg
ZFOQ015000000NNND20030,pagina_191_img_6.jpeg
ZFOA0200X0250NNND20618,pagina_191_img_7.jpeg
ZFOA0250X0320NNND20617,pagina_191_img_8.jpeg
ZFOP0100X0160NGND20451,pagina_191_img_9.jpeg
ZFOT003500000SBND20121,pagina_192_img_1.jpeg
ZFOT004500000NBND20416,pagina_192_img_10.jpeg
ZFOT005000000SBND20394,pagina_192_img_2.jpeg
ZFOT005000000SBND20365,pagina_192_img_3.jpeg
ZFOT005000000NBND20416,pagina_192_img_4.jpeg
ZFOT005000000SBND20484,pagina_192_img_5.jpeg
ZFOT006000000SBND20421,pagina_192_img_6.jpeg
ZFOT006000000SBND20419,pagina_192_img_7.jpeg
ZFOT007000000SBND20397,pagina_192_img_8.jpeg
ZFOT007000000SBND20383,pagina_192_img_9.jpeg
ZFOT008000000SBND20417,pagina_193_img_1.jpeg
ZFOT008000000SBND20259,pagina_193_img_10.jpeg
ZFOT009000000NBND20075,pagina_193_img_2.jpeg
ZFOT010000000SBND20369,pagina_193_img_3.jpeg
ZFOT010000000SBND20366,pagina_193_img_4.jpeg
ZFOT010000000SBND20349,pagina_193_img_5.jpeg
ZFOT009000000SBND20367,pagina_193_img_6.jpeg
ZFOT010000000SBND20423,pagina_193_img_7.jpeg
ZFOT010000000SBND20255,pagina_193_img_8.jpeg
ZFOT010000000SBND20388,pagina_193_img_9.jpeg
ZFOT010000000NBND20352,pagina_194_img_1.jpeg
ZFOT012000000SBND20355,pagina_194_img_10.jpeg
ZFOT012000000SBND20385,pagina_194_img_2.jpeg
ZFOT012000000SBND20038,pagina_194_img_3.jpeg
ZFOT014000000SBND20258,pagina_194_img_4.jpeg
ZFOT012000000SBND20317,pagina_194_img_5.jpeg
ZFOT015000000SBND20081,pagina_194_img_6.jpeg
ZFOT015000000NNND20224,pagina_194_img_7.jpeg
ZFOT015000000SBND20341,pagina_194_img_8.jpeg
ZFOT018000000SBND20256,pagina_194_img_9.jpeg
ZFOT018000000SBND20110,pagina_195_img_1.jpeg
ZFOT018000000SBND20384,pagina_195_img_2.jpeg
ZFOT020000000SBND20257,pagina_196_img_1.jpeg
ZFOT025000000SBND20407,pagina_196_img_10.jpeg
ZFOT030000000SBND20102,pagina_196_img_2.jpeg
ZFOT035000000NBND20350,pagina_196_img_3.jpeg
ZF2T060000000NBND20156,pagina_196_img_4.jpeg
ZFOQ020000000NNND20170,pagina_196_img_5.jpeg
ZFOT008000000SNDP20477,pagina_196_img_6.jpeg
ZFOT012000000NNDP20219,pagina_196_img_7.jpeg
ZFOT020000000SNDP20082,pagina_196_img_8.jpeg
ZFOT020000000SNDP20133,pagina_196_img_9.jpeg
ZFOT025000000SNDP20464,pagina_197_img_1.jpeg
ZFOT025000000SNDP20084,pagina_197_img_10.jpeg
ZFOT025000000SNDP20409,pagina_197_img_2.jpeg
ZFOT030000000NNDP20102,pagina_197_img_3.jpeg
ZFOT035000000NNDP20230,pagina_197_img_4.jpeg
ZFOT025000000SBDP20406,pagina_197_img_5.jpeg
ZFOT003500000NNND20459,pagina_197_img_6.jpeg
ZFOT004000000SN4D20457,pagina_197_img_7.jpeg
ZFOT004500000NN4D20454,pagina_197_img_8.jpeg
ZFOT005000000SN4D20462,pagina_197_img_9.jpeg
ZFOT006000000SN4D20420,pagina_198_img_1.jpeg
ZFOT008000000SN4D20477,pagina_198_img_10.jpeg
ZFOT008000000SN4D20418,pagina_198_img_2.jpeg
ZFOT008000000SN4D20466,pagina_198_img_3.jpeg
ZFOT010000000SN4D20478,pagina_198_img_4.jpeg
ZFAT010000000NN4D20513,pagina_198_img_5.jpeg
ZFOT010000000NN4D20471,pagina_198_img_6.jpeg
ZFOT012000000NN4D20033,pagina_198_img_7.jpeg
ZFOT015000000NN4D20472,pagina_198_img_8.jpeg
ZFOT015000000NN4D20081,pagina_198_img_9.jpeg
ZFOT015000000NN4D20469,pagina_199_img_1.jpeg
ZFOT018000000SN4D20147,pagina_199_img_10.jpeg
ZFOT018000000SNDP20028,pagina_199_img_2.jpeg
ZFOT018000000NN4D20028,pagina_199_img_3.jpeg
ZFOT018000000SN4D20109,pagina_199_img_4.jpeg
ZFOT020000000SN4D20468,pagina_199_img_5.jpeg
ZFOT020000000NN4D20082,pagina_199_img_6.jpeg
ZFOT020000000SN4D20467,pagina_199_img_7.jpeg
ZFOT020000000NN4D20055,pagina_199_img_8.jpeg
ZFOT020000000NG4D20470,pagina_199_img_9.jpeg
ZFOT025000000SN4D20465,pagina_19_img_1.jpeg
ZFOT025000000NN4D20465,pagina_19_img_10.jpeg
ZFOT025000000NN4D20084,pagina_19_img_2.jpeg
ZFOT025000000NN4D20153,pagina_19_img_3.jpeg
ZFOT030000000NNDP20479,pagina_19_img_4.jpeg
ZFOT030000000NN4D20181,pagina_19_img_5.jpeg
ZFOT030000000NG4D20220,pagina_19_img_6.jpeg
ZFOT035000000NN4D20047,pagina_19_img_7.jpeg
ZFOT035000000NG4D20227,pagina_19_img_8.jpeg
ZFOT035000000NN4D20048,pagina_19_img_9.jpeg
ZFOT040000000NN4D20041,pagina_200_img_1.jpeg
ZFLT075000000NN4D20151,pagina_200_img_10.jpeg
ZFOP0160X0280SN4D20249,pagina_200_img_2.jpeg
ZFOP0250X0300NN4D20142,pagina_200_img_3.jpeg
ZF1T030000000NB4D20541,pagina_200_img_4.jpeg
ZF1T060000000NB4D20308,pagina_200_img_5.jpeg
ZFOT005000000NAND20179,pagina_200_img_6.jpeg
ZFOT010000000NAND20176,pagina_200_img_7.jpeg
ZFOT010000000SAND20415,pagina_200_img_8.jpeg
ZFOT010000000NAND20178,pagina_200_img_9.jpeg
ZFOT010000000SAND20440,pagina_201_img_1.jpeg
ZFOT012000000NAND20177,pagina_201_img_10.jpeg
ZFOT012000000NAND20489-120CM,pagina_201_img_2.jpeg
ZFOT015000000NAND20489-150CM,pagina_201_img_3.jpeg
ZFOT015000000NAND20103,pagina_201_img_4.jpeg
ZFOT015000000NAND20446,pagina_201_img_5.jpeg
ZFOT015000000NNND20343,pagina_201_img_6.jpeg
ZFOT015000000NGND20226,pagina_201_img_7.jpeg
ZFOT018000000NAND20267,pagina_201_img_8.jpeg
ZFOT021000000NAND20268,pagina_201_img_9.jpeg
ZFOT020000000NAND20095,pagina_202_img_1.jpeg
ZFOT020000000NAND20425,pagina_202_img_10.jpeg
ZFOT025000000NAND20430,pagina_202_img_2.jpeg
ZFOT022000000NAND20269,pagina_202_img_3.jpeg
ZFOT025000000NNAND20195,pagina_202_img_4.jpeg
ZFOT025000000NGND50207,pagina_202_img_5.jpeg
ZFOT030000000NGND20358,pagina_202_img_6.jpeg
ZF2T045000000NAND20154,pagina_202_img_7.jpeg
ZFOT040000000NNAND20200,pagina_202_img_8.jpeg
ZFOT045000000NAND50159,pagina_202_img_9.jpeg
ZFOT045000000NAND20437,pagina_203_img_1.jpeg
ZF2T050000000NGND50221,pagina_203_img_10.jpeg
ZFOM0150X0300NAND50269,pagina_203_img_2.jpeg
ZFOT025000000NNND50215,pagina_203_img_3.jpeg
ZFOQ012000000NAND20171,pagina_203_img_4.jpeg
ZFOQ015000000NAND20172,pagina_203_img_5.jpeg
ZFOQ015000000NNND20260,pagina_203_img_6.jpeg
ZFOQ020000000NAND50076,pagina_203_img_7.jpeg
ZFOQ020000000NAND20265,pagina_203_img_8.jpeg
ZFOQ025000000SAND20498,pagina_203_img_9.jpeg
ZFOQ025000000NAND20199,pagina_204_img_1.jpeg
ZFOQ030000000NAND20196,pagina_204_img_10.jpeg
ZFOQ030000000NAND20189,pagina_204_img_2.jpeg
ZFOT005000000NAND20442,pagina_204_img_3.jpeg
ZFOT008000000SNND20488,pagina_204_img_4.jpeg
ZFOT010000000SAND20441,pagina_204_img_5.jpeg
ZFOQ012000000SBND20171,pagina_204_img_6.jpeg
ZFOT015000000SADP20107,pagina_204_img_7.jpeg
ZFOT015000000SADP20136,pagina_204_img_8.jpeg
ZFOT040000000NMND20334,pagina_204_img_9.jpeg
ZFOT006000000SDND20381,pagina_205_img_1.jpeg
ZFOT010000000NDND20399,pagina_205_img_10.jpeg
ZFOT010000000NDND20543,pagina_205_img_2.jpeg
ZFOT010000000NAND20036,pagina_205_img_3.jpeg
ZFOT012000000NDND20302,pagina_205_img_4.jpeg
ZFOT015000000NDND20610,pagina_205_img_5.jpeg
ZFOT015000000NDND20609,pagina_205_img_6.jpeg
ZFOT015000000NDND20414,pagina_205_img_7.jpeg
ZFOT020000000NDND20608,pagina_205_img_8.jpeg
ZFOT022000000NDND20603,pagina_205_img_9.jpeg
ZFOT025000000NDND20612,pagina_206_img_1.jpeg
ZFOT030000000NDND20611,pagina_206_img_10.jpeg
ZFOR0300X0350NDND20602,pagina_206_img_2.jpeg
ZFOR0250X0300NDND20601,pagina_206_img_3.jpeg
ZFOR0300X0350NDND20600,pagina_206_img_4.jpeg
ZJOT018000000NNND26002,pagina_206_img_5.jpeg
ZJOT025000000NNND26003,pagina_206_img_6.jpeg
ZJOT028000000NNND26001,pagina_206_img_7.jpeg
ZFOO0380X0420NJND20141,pagina_206_img_8.jpeg
ZFOO0450X0500NJND20140,pagina_206_img_9.jpeg
ZFOT030000000NGND20266,pagina_207_img_1.jpeg
ZFOQ020000000NMND20332,pagina_207_img_10.jpeg
ZFOQ022000000NMND20333,pagina_207_img_2.jpeg
ZFOT030000000SNND50284,pagina_207_img_3.jpeg
ZFOT030000000NAND20605,pagina_207_img_4.jpeg
ZFOR0200X0220NAND20607,pagina_207_img_5.jpeg
ZFOR0250X0300NAND20606,pagina_207_img_6.jpeg
ZFOR0300X0350NAND20604,pagina_207_img_7.jpeg
ZFOT009000000NNND20452,pagina_207_img_8.jpeg
ZFOT009000000NNND20283,pagina_207_img_9.jpeg
ZFOT009000000NNND20282,pagina_208_img_1.jpeg
ZFOT009000000SNND20276,pagina_208_img_10.jpeg
ZFOT009000000SNND20275,pagina_208_img_2.jpeg
ZFOT009000000NNND20284,pagina_208_img_3.jpeg
ZFOT009000000SNND20277,pagina_208_img_4.jpeg
ZFOT015000000SNND20279,pagina_208_img_5.jpeg
ZFOT010000000NNND20193,pagina_208_img_6.jpeg
ZFOT010000000SNND20431,pagina_208_img_7.jpeg
ZFOT012000000SNND20357,pagina_208_img_8.jpeg
ZFOT012000000SNND20146,pagina_208_img_9.jpeg
ZFOT015000000NNND20108,pagina_209_img_1.jpeg
ZFOT015000000NNND20223,pagina_209_img_10.jpeg
ZFOT019000000NNND20285,pagina_209_img_2.jpeg
ZFOT015000000NNND20286,pagina_209_img_3.jpeg
ZFOT015000000NNND20273,pagina_209_img_4.png
ZFOT015000000NGND20287,pagina_209_img_5.jpeg
ZFOT015000000SNND20309,pagina_209_img_6.jpeg
ZFOT015000000SNND20278,pagina_209_img_7.jpeg
ZFOT015000000NNND20280,pagina_209_img_8.jpeg
ZFOT015000000SNND20063,pagina_209_img_9.jpeg
ZFOT018000000SNND20147,pagina_20_img_1.jpeg
ZFOT018000000SNND20134,pagina_20_img_10.jpeg
ZFOT019000000NNND20453,pagina_20_img_2.jpeg
ZFOT020000000NNND20502,pagina_20_img_3.jpeg
ZFOT020000000NNND20043,pagina_20_img_4.jpeg
ZFOT020000000SNND20040,pagina_20_img_5.jpeg
ZFOT025000000NNND20331,pagina_20_img_6.jpeg
ZFOT025000000NGND20168,pagina_20_img_7.jpeg
ZFOT025000000NNND20175,pagina_20_img_8.jpeg
ZFOT025000000SNND20435,pagina_20_img_9.jpeg
ZFOT025000000NNND20069,pagina_210_img_1.jpeg
ZFOT028000000NNND20135,pagina_210_img_10.jpeg
ZFOT028000000SNND20433,pagina_210_img_2.jpeg
ZFOT030000000NNND20544,pagina_210_img_3.jpeg
ZFOT030000000NNND20300,pagina_210_img_4.jpeg
ZFOT030000000NNND20150,pagina_210_img_5.jpeg
ZFOT030000000NNND20424,pagina_210_img_6.jpeg
ZFOT030000000NNND20149,pagina_210_img_7.jpeg
ZFOT030000000NNND20298,pagina_210_img_8.jpeg
ZFOT030000000NNND20301,pagina_210_img_9.jpeg
ZFOT030000000NNND20181,pagina_211_img_1.jpeg
ZFOT030000000SNND20102,pagina_211_img_10.jpeg
ZFOT035000000NNND20125,pagina_211_img_2.jpeg
ZFOT040000000NNND20182,pagina_211_img_3.jpeg
ZFOT030000000NNND20585,pagina_211_img_4.jpeg
ZF2T050000000NNND20160,pagina_211_img_5.jpeg
ZF1T050000000NNND20500,pagina_211_img_6.jpeg
ZFOT050000000NNND20542,pagina_211_img_7.jpeg
ZFOT050000000NNND20374,pagina_211_img_8.jpeg
ZF2T060000000NNND20157,pagina_211_img_9.jpeg
ZF1T080000000NNND20138,pagina_212_img_1.jpeg
ZFOM0080X0120NNND20210,pagina_212_img_10.jpeg
ZFOQ020000000NNND20190,pagina_212_img_2.jpeg
ZFOQ020000000NNND20263,pagina_212_img_3.jpeg
ZFOQ020000000NNND20297,pagina_212_img_4.jpeg
ZFOQ020000000NNND20322,pagina_212_img_5.jpeg
ZFOT025000000NNND20086,pagina_212_img_6.jpeg
ZFOQ025000000NNND20052,pagina_212_img_7.jpeg
ZFLQ030000000NNND20253,pagina_212_img_8.jpeg
ZFOQ030000000NNND20326,pagina_212_img_9.jpeg
ZFOQ030000000NNND20204,pagina_213_img_1.jpeg
ZFLQ040000000NNND20252,pagina_213_img_2.jpeg
ZFOR0150X0160NNND20173,pagina_213_img_3.jpeg
ZFOE050000000NNND20254,pagina_213_img_4.jpeg
ZF1E050000000NNND20307,pagina_213_img_5.jpeg
ZFOE050000000NNND20306,pagina_213_img_6.jpeg
ZFOP0080X0400NNND20238,pagina_213_img_7.jpeg
ZFOP0060X0320NNND20281,pagina_213_img_8.jpeg
ZFOT005000000SBND20130,pagina_215_img_1.jpeg
ZFOT009000000NBND20455,pagina_215_img_10.jpeg
ZFOT009000000NBND20456,pagina_215_img_2.jpeg
ZFOT015000000NBND20458,pagina_215_img_3.jpeg
ZFOT020000000SBND20043R,pagina_215_img_4.jpeg
ZFLQ040000000NBND20252,pagina_215_img_5.jpeg
ZFOT010000000SBND20439,pagina_215_img_6.jpeg
ZFOT020000000SN4D20101,pagina_215_img_7.jpeg
ZFOR0200X0220NAND50325,pagina_215_img_8.jpeg
ZFOR0250X0300NAND50327,pagina_215_img_9.jpeg
ZFOR0300X0350NAND50318,pagina_216_img_1.jpeg
ZIOT010000000NNND15018,pagina_216_img_10.jpeg
ZIOT012000000NNND15017,pagina_216_img_2.jpeg
ZIOT015000000NNND15016,pagina_216_img_3.jpeg
ZIOT020000000NNND15015,pagina_216_img_4.jpeg
ZIOT024000000NNND15005,pagina_216_img_5.jpeg
ZIOT032000000NNND15004,pagina_216_img_6.jpeg
ZIOE040000000NNND15026,pagina_216_img_7.jpeg
ZIOT038000000NNND15014,pagina_216_img_8.jpeg
ZIOE036000000NNND15025,pagina_216_img_9.jpeg
ZIOT045000000NNND15013,pagina_217_img_1.jpeg
ZIAE060000000NNND15044,pagina_217_img_2.jpeg
ZIOT050000000NNND15012,pagina_217_img_3.jpeg
ZIAE065000000NNND15043,pagina_217_img_4.jpeg
ZIOT060000000NNND15003,pagina_217_img_5.jpeg
ZIAE080000000NNND15038,pagina_217_img_6.jpeg
ZIOT070000000NNND15002,pagina_21_img_1.jpeg
ZIOT080000000NNND15011,pagina_21_img_10.jpeg
ZIAE100000000NNND15039,pagina_21_img_2.jpeg
ZIOT100000000NNND15001,pagina_21_img_3.jpeg
ZIAE120000000NNND15040,pagina_21_img_4.jpeg
ZIOT120000000NNND15010,pagina_21_img_5.jpeg
ZIOT010000000NN1D15019,pagina_21_img_6.jpeg
ZIOE010000000NND15029,pagina_21_img_7.jpeg
ZIOE015000000NND15030,pagina_21_img_8.jpeg
ZIOE020000000NND15031,pagina_21_img_9.jpeg
ZIOE022000000NND15032,pagina_22_img_1.jpeg
ZIOE032000000NND15033,pagina_22_img_10.jpeg
ZIOT045000000NFND15034,pagina_22_img_2.jpeg
ZIOT045000000NFND15042,pagina_22_img_3.jpeg
ZIOT050000000NFND15012,pagina_22_img_4.jpeg
ZIOE020000000NFND15027,pagina_22_img_5.jpeg
ZIOT020000000NFND15037,pagina_22_img_6.jpeg
ZIOE025000000NAND15021,pagina_22_img_7.jpeg
ZIOT100000000NAND15007,pagina_22_img_8.jpeg
ZIOE040000000NAND15023,pagina_22_img_9.jpeg
ZIOE050000000NAND15024,pagina_23_img_1.jpeg
ZIOE028000000NAND15022,pagina_23_img_10.jpeg
ZIOT060000000NNND15045,pagina_23_img_2.jpeg
ZKOT022000000SNND16007,pagina_23_img_3.jpeg
ZKOT012000000SNND16003,pagina_23_img_4.jpeg
ZKOT014000000SNND16010,pagina_23_img_5.jpeg
ZKOT016000000SNND16002,pagina_23_img_6.jpeg
ZKOT018000000SNND16012,pagina_23_img_7.jpeg
ZKOT020000000SNND16013,pagina_23_img_8.jpeg
ZKOT023000000SNND16014,pagina_23_img_9.jpeg
ZKOT025000000SNND16015,pagina_24_img_1.jpeg
ZKOT010000000SN4D16009,pagina_24_img_10.jpeg
ZKOT012000000SN4D16003,pagina_24_img_2.jpeg
ZKOT014000000NN4D16010,pagina_24_img_3.jpeg
ZKOT016000000NN4D16002,pagina_24_img_4.jpeg
ZKOT018000000SN4D16012,pagina_24_img_5.jpeg
ZKOT023000000SN4D16014,pagina_24_img_6.jpeg
ZKOT035000000NN4D16016,pagina_24_img_7.jpeg
ZBOT008000000NNND13014,pagina_24_img_8.jpeg
ZBOT010000000NNND13007,pagina_24_img_9.jpeg
ZBOT012000000NNND13006,pagina_25_img_1.jpeg
ZBOT015000000NNND13005,pagina_25_img_10.jpeg
ZBOT018000000NNND13010,pagina_25_img_2.jpeg
ZBOT020000000NNND13011,pagina_25_img_3.jpeg
ZBOT022000000NNND13012,pagina_25_img_4.jpeg
ZBOT025000000NNND13004,pagina_25_img_5.jpeg
ZB1T035000000NNND13016,pagina_25_img_6.jpeg
ZBOT035000000NNND13001,pagina_25_img_7.jpeg
ZBOR0200X0220NAND13018,pagina_25_img_8.jpeg
ZBOR0250X0300NAND13019,pagina_25_img_9.jpeg
ZBOR0300X0350NAND13020,pagina_26_img_1.jpeg
ZEOT012000000NNND90001,pagina_26_img_10.jpeg
ZEOT015000000NNND90013,pagina_26_img_2.jpeg
ZEOT018000000NNND90012,pagina_26_img_3.jpeg
ZE1T025000000NNND90002,pagina_26_img_4.jpeg
ZE1T020000000NNND90017,pagina_26_img_5.jpeg
ZEOT020000000NNND90003,pagina_26_img_6.jpeg
ZEOT025000000NGND90006,pagina_26_img_7.jpeg
ZEOT025000000NAND90011,pagina_26_img_8.jpeg
ZEOT025000000NNND90011,pagina_26_img_9.jpeg
ZEOT025000000NGND90011,pagina_27_img_1.jpeg
ZE1T035000000NNND90016,pagina_27_img_10.jpeg
ZEOT035000000NNND90015,pagina_27_img_2.jpeg
ZE1T040000000NNND90014,pagina_27_img_3.jpeg
ZEOT040000000NNND90008,pagina_27_img_4.jpeg
ZE2T050000000NNND90007,pagina_27_img_5.jpeg
ZE2T050000000SNND90004,pagina_27_img_6.jpeg
ZCOT010000000SNND30014,pagina_27_img_7.jpeg
ZCOT008000000SNND30016,pagina_27_img_8.jpeg
ZCOT026000000NNND30008,pagina_27_img_9.jpeg
ZCOT023000000NNND30015,pagina_28_img_1.jpeg
ZCOT030000000NNND30023,pagina_28_img_10.jpeg
ZCOT040000000NNND30009,pagina_28_img_2.jpeg
ZCOT035000000NNND30010,pagina_28_img_3.jpeg
ZCOT035000000NNND30017,pagina_28_img_4.jpeg
ZCOT045000000NNND30006,pagina_28_img_5.jpeg
ZCOT057000000NNND30011,pagina_28_img_6.jpeg
ZCOT055000000NNND30018,pagina_28_img_7.jpeg
ZCOT005000000NN4D30012,pagina_28_img_8.jpeg
ZCOT010000000SN4D30013,pagina_28_img_9.jpeg
ZCOT010000000NN4D30025,pagina_29_img_1.jpeg
ZCOT006000000NI4D30026,pagina_29_img_10.jpeg
ZTOT010000000NNND70038,pagina_29_img_2.jpeg
ZTOT012000000NNND70037,pagina_29_img_3.jpeg
ZTOT016000000NNND70036,pagina_29_img_4.jpeg
ZTOT014000000NNND70033,pagina_29_img_5.jpeg
ZTOT019000000NNND70048,pagina_29_img_6.jpeg
ZTOT024000000NNND70049,pagina_29_img_7.jpeg
ZTOT030000000NNND70057,pagina_29_img_8.jpeg
ZTOT032000000NNND70042,pagina_29_img_9.jpeg
ZTOT024000000NNND70035,pagina_30_img_1.jpeg
ZTOT028000000NNND70050,pagina_30_img_10.jpeg
ZTOT030000000NNND70032,pagina_30_img_2.jpeg
ZTOT032000000NNND70002,pagina_30_img_3.jpeg
ZTOT040000000NNND70051,pagina_30_img_4.jpeg
ZTOT042000000NNND70003,pagina_30_img_5.jpeg
ZTOT050000000NNND70021,pagina_30_img_6.jpeg
ZTOT058000000NNND70043,pagina_30_img_7.jpeg
ZTOT050000000NNND70004,pagina_30_img_8.jpeg
ZTOT065000000NNND70001,pagina_30_img_9.jpeg
ZTOT080000000NNND70034,pagina_31_img_1.jpeg
ZTOT011000000NAND70031,pagina_31_img_10.jpeg
ZTOO0200X0400NNND70023,pagina_31_img_2.jpeg
ZTOO0200X0800NNND70027,pagina_31_img_3.jpeg
ZTOO0200X0600NNND70024,pagina_31_img_4.jpeg
ZTOP0350X1000NNND70025,pagina_31_img_5.jpeg
ZTOQ016000000NNND70012,pagina_31_img_6.jpeg
ZTOQ019000000NNND70011,pagina_31_img_7.jpeg
ZTOQ018000000NNND70047,pagina_31_img_8.jpeg
ZTOQ024000000NNND70010,pagina_31_img_9.jpeg
ZTOQ030000000NNND70030,pagina_32_img_1.jpeg
ZTOQ028000000NNND70044,pagina_32_img_10.jpeg
ZTOQ032000000NNND70009,pagina_32_img_2.jpeg
ZTOQ040000000NNND70028,pagina_32_img_3.jpeg
ZTOQ040000000NNND70008,pagina_32_img_4.jpeg
ZTOQ050000000NNND70029,pagina_32_img_5.jpeg
ZTOQ054000000NNND70054,pagina_32_img_6.jpeg
ZTOQ050000000NNND70007,pagina_32_img_7.jpeg
ZTOQ060000000NNND70006,pagina_32_img_8.jpeg
ZTOQ073000000NNND70005,pagina_32_img_9.jpeg
ZTOQ028000000NN4D70044,pagina_33_img_1.jpeg
ZTOQ046000000NNND70046,pagina_33_img_10.jpeg
ZTOQ036000000NN4D70053,pagina_33_img_2.jpeg
ZTOQ036000000NNND70045,pagina_33_img_3.jpeg
ZTOE0300X0500NNND70040,pagina_33_img_4.jpeg
ZTOT030000000NNND70052,pagina_33_img_5.jpeg
ZTOT050000000NSND70022,pagina_33_img_6.jpeg
ZLOR0180X0270SNND80003,pagina_33_img_7.jpeg
ZLOR0180X0340SNND80020,pagina_33_img_8.jpeg
ZLOR0280X0340NNND80009,pagina_33_img_9.jpeg
ZLOR0300X0400NNND80008,pagina_34_img_1.jpeg
ZLOR0200X0500NNND80019,pagina_34_img_10.jpeg
ZLOR0300X0700NNND80010,pagina_34_img_2.jpeg
ZLOR0300X0920NNND80016,pagina_34_img_3.jpeg
ZLOQ021000000NN4D80005,pagina_34_img_4.jpeg
ZLOR0300X0700NN4D80011,pagina_34_img_5.jpeg
ZLOQ025000000NNND80015,pagina_34_img_6.jpeg
ZLOQ017000000NNND80017,pagina_34_img_7.jpeg
ZLOQ012000000NN4D80004,pagina_34_img_8.jpeg
ZLOQ016000000NN4D80007,pagina_34_img_9.jpeg
ZLOQ015000000NN4D80013,pagina_35_img_1.jpeg
ZLOQ050000000NN4D80012,pagina_35_img_10.jpeg
ZLOQ022000000NIND80018,pagina_35_img_2.jpeg
ZLOQ030000000NIND80014,pagina_35_img_3.jpeg
ZD1M0150X0300NNND60052,pagina_35_img_4.jpeg
ZDOT012000000NNND60033,pagina_35_img_5.jpeg
ZDOT012000000NNND60024,pagina_35_img_6.jpeg
ZDOT015000000NNND60028,pagina_35_img_7.jpeg
ZDOT018000000NAND60053,pagina_35_img_8.jpeg
ZDOT020000000NGND60031,pagina_35_img_9.jpeg
ZDOT020000000NNND60027,pagina_36_img_1.jpeg
ZDOT020000000NNND60003,pagina_36_img_10.jpeg
ZDOT025000000NNND60026,pagina_36_img_2.jpeg
ZDOT030000000NGND60030,pagina_36_img_3.jpeg
ZD1T030000000NNND60046,pagina_36_img_4.jpeg
ZD1T030000000NNND60044,pagina_36_img_5.jpeg
ZD1T040000000NNND60043,pagina_36_img_6.jpeg
ZD1T040000000NNND60047,pagina_36_img_7.jpeg
ZD1T050000000NNND60042,pagina_36_img_8.jpeg
ZD1T060000000NNND60040,pagina_36_img_9.jpeg
ZD2T060000000NNND60045,pagina_37_img_1.jpeg
ZDOT020000000NGND60013,pagina_37_img_10.jpeg
ZDOT020000000NNND60012,pagina_37_img_2.jpeg
ZDOT020000000NGND60011,pagina_37_img_3.jpeg
ZDOM0100X0250NGND60032,pagina_37_img_4.jpeg
ZDOM0130X0250NGND60029,pagina_37_img_5.jpeg
ZDOT022000000NNND60015,pagina_37_img_6.jpeg
ZDOT003500000NNND60035,pagina_37_img_7.jpeg
ZDOT006000000NNND60034,pagina_37_img_8.jpeg
ZDOT012000000SNND60025,pagina_37_img_9.jpeg
ZDOT014000000NNND60017,pagina_38_img_1.jpeg
ZDOT016000000NNND60018,pagina_38_img_10.jpeg
ZDOT020000000NNND60009,pagina_38_img_2.jpeg
ZDOT006000000NNND60019,pagina_38_img_3.jpeg
ZDOT007000000NNND60020,pagina_38_img_4.jpeg
ZUOT022000000NNND29001,pagina_38_img_5.jpeg
ZUOT027000000NNND29006,pagina_38_img_6.jpeg
ZDOT006000000SNND60022,pagina_38_img_7.jpeg
ZDOT008000000NNND60021,pagina_38_img_8.jpeg
ZDOT010000000NNND60016,pagina_38_img_9.jpeg
ZDOT012000000NNND60023,pagina_39_img_1.jpeg
ZDOT010000000SBND60039,pagina_39_img_10.jpeg
ZDOT015000000SBND60038,pagina_39_img_2.jpeg
ZDOT030000000NMND60014,pagina_39_img_3.jpeg
ZGOT005000000SOND10122,pagina_39_img_4.jpeg
ZFOT015000000SAND50205,pagina_39_img_5.jpeg
ZFOR0200X0220NNND50108,pagina_39_img_6.jpeg
ZUOR0250X0300NNND19082,pagina_39_img_7.jpeg
ZFOR0300X0350NNND50114,pagina_39_img_8.jpeg
ZFOT010000000NNND50074,pagina_39_img_9.jpeg
ZFOT035000000NNND50275,pagina_40_img_1.jpeg
ZFOT012000000SN2D50217,pagina_40_img_10.jpeg
ZFOT022000000NN2D50291,pagina_40_img_2.jpeg
ZFOT035000000SN4D50308,pagina_40_img_3.jpeg
ZFOT040000000SN4D50310,pagina_40_img_4.jpeg
ZGOP0075X0320SN6D24002,pagina_40_img_5.jpeg
ZFOT012000000NAND50316,pagina_40_img_6.jpeg
ZFOT015000000NNND50246,pagina_40_img_7.jpeg
ZFOT020000000NAND50080,pagina_40_img_8.jpeg
ZFOT020000000NCND50012,pagina_40_img_9.jpeg
ZFOT025000000NNND50303,pagina_41_img_1.jpeg
ZFOT025000000NNND50211,pagina_41_img_10.jpeg
ZFOT025000000NAND50089,pagina_41_img_2.jpeg
ZFOT025000000NNND50210,pagina_41_img_3.jpeg
ZFOT030000000NNAND20198,pagina_41_img_4.jpeg
ZFOT030000000NAND50199,pagina_41_img_5.jpeg
ZFOT030000000NNND50208,pagina_41_img_6.jpeg
ZFOT030000000SAND50174,pagina_41_img_7.jpeg
ZFOT035000000NAND50096,pagina_41_img_8.jpeg
ZFOT070000000NAND50095,pagina_41_img_9.jpeg
ZFOT020000000SAND50188,pagina_42_img_1.jpeg
ZFOT020000000NAND50244,pagina_42_img_10.jpeg
ZFOM0220X0250NAND50297,pagina_42_img_2.jpeg
ZFOE090000000NAND50280,pagina_42_img_3.jpeg
ZFOE110000000NNND50281,pagina_42_img_4.jpeg
ZFOTQ030000000NAND50277,pagina_42_img_5.jpeg
ZGOT012000000SN2D25002,pagina_42_img_6.jpeg
ZFOT020000000SNND20480,pagina_42_img_7.jpeg
ZFOT020000000SFND20483,pagina_42_img_8.jpeg
ZGOT025000000SNND10405,pagina_42_img_9.jpeg
ZGOT035000000SNND10407,pagina_43_img_1.jpeg
ZFOT040000000SNND20481,pagina_43_img_10.jpeg
ZGOT050000000SNND10408,pagina_43_img_2.jpeg
ZFOT020000000SNND20473,pagina_43_img_3.jpeg
ZGOT020000000SFND10402,pagina_43_img_4.jpeg
ZFOT070000000NBND50306,pagina_43_img_5.jpeg
ZDOT025000000SNND60036,pagina_43_img_6.jpeg
ZGOT035000000SNND10397,pagina_43_img_7.jpeg
ZFOT040000000SNND20475,pagina_43_img_8.jpeg
ZGOT050000000NNND10398,pagina_43_img_9.jpeg
ZFOE130000000NNND50152,pagina_44_img_1.jpeg
ZFOT015000000ST6D50067,pagina_44_img_10.jpeg
ZFOP0100X0320SIND50055,pagina_44_img_2.jpeg
ZFOT012000000SAND50203,pagina_44_img_3.jpeg
ZFOT018000000SAND50205,pagina_44_img_4.jpeg
ZFOT020000000SAND50205,pagina_44_img_5.jpeg
ZFOT020000000SAND50008,pagina_44_img_6.jpeg
ZFOQ012000000SAND50203,pagina_44_img_7.jpeg
ZFOQ015000000SAND50204,pagina_44_img_8.jpeg
ZFOT020000000SNND50251,pagina_44_img_9.jpeg
ZFOT025000000SNND50250,pagina_45_img_1.jpeg
ZFOT030000000SNND50249,pagina_45_img_10.jpeg
ZFOT018000000NGND50209,pagina_45_img_2.jpeg
ZFOT020000000NGND50212,pagina_45_img_3.jpeg
ZFOT025000000NRND50041,pagina_45_img_4.jpeg
ZFOT025000000NRND50040,pagina_45_img_5.jpeg
ZFOT030000000NNND50136,pagina_45_img_6.jpeg
ZFOT032000000NRND50039,pagina_45_img_7.jpeg
ZFOT032000000NRND50038,pagina_45_img_8.jpeg
ZFOA0120X0180NNND50149,pagina_45_img_9.jpeg
ZFOA0200X0250NNND50150,pagina_46_img_1.jpeg
ZFOA0280X0300NAND50073,pagina_46_img_10.jpeg
ZFOT015000000NAND50075,pagina_46_img_2.jpeg
ZFOT018000000NAND50087,pagina_46_img_3.jpeg
ZFOT018000000NNND50219,pagina_46_img_4.jpeg
ZFOT018000000NGND50239,pagina_46_img_5.jpeg
ZFOT018000000NNND50226,pagina_46_img_6.jpeg
ZFOT018000000NDND50130,pagina_46_img_7.jpeg
ZFOT020000000NAND50257,pagina_46_img_8.jpeg
ZFOT020000000NNND50193,pagina_46_img_9.jpeg
ZFOT020000000NCND50010,pagina_47_img_1.jpeg
ZFOT020000000NNND50139,pagina_47_img_10.jpeg
ZFOT020000000NNND50192,pagina_47_img_2.jpeg
ZFOT020000000NGND50218,pagina_47_img_3.jpeg
ZFOT020000000NAND50086,pagina_47_img_4.jpeg
ZFOT020000000NDND50061,pagina_47_img_5.jpeg
ZFOT022000000NAND50088,pagina_47_img_6.jpeg
ZFOT022000000NNND50194,pagina_47_img_7.jpeg
ZFOT022000000NGND50085,pagina_47_img_8.jpeg
ZFOT025000000NAND50231R,pagina_47_img_9.jpeg
ZFOT025000000NAND50301R,pagina_48_img_1.jpeg
ZFOT025000000NNND50302,pagina_48_img_10.jpeg
ZFOM0120X0230NNND50072,pagina_48_img_2.jpeg
ZFOT025000000NAND50135,pagina_48_img_3.jpeg
ZFOT025000000NAND50229,pagina_48_img_4.jpeg
ZGOT025000000NGND10306,pagina_48_img_5.jpeg
ZFOT040000000NGND50162,pagina_48_img_6.jpeg
ZFOT028000000NAND50064,pagina_48_img_7.jpeg
ZFOT030000000NCND50011,pagina_48_img_8.jpeg
ZFOT030000000NCND50009,pagina_48_img_9.jpeg
ZFLT040000000NAND50007,pagina_49_img_1.jpeg
ZFOT040000000NAND50224,pagina_49_img_10.jpeg
ZFOT040000000NAND50158,pagina_49_img_2.jpeg
ZFOT040000000NNND50003,pagina_49_img_3.jpeg
ZFOT040000000NAND50240,pagina_49_img_4.jpeg
ZFOT040000000NAND50185,pagina_49_img_5.jpeg
ZFOT040000000NAND50157,pagina_49_img_6.jpeg
ZFOQ020000000NAND50276,pagina_49_img_7.jpeg
ZFOE105000000NNND50282,pagina_49_img_8.jpeg
ZFOE115000000NAND50283,pagina_49_img_9.jpeg
ZFOT030000000NTND50035,pagina_50_img_1.jpeg
ZFOT030000000NTND50036,pagina_50_img_10.jpeg
ZGOT012000000SGND10134,pagina_50_img_2.jpeg
ZGOT015000000SGND10135,pagina_50_img_3.jpeg
ZGOT023000000SGND10136,pagina_50_img_4.jpeg
ZFOT020000000NRND50200,pagina_50_img_5.jpeg
ZFOT025000000NNND50197,pagina_50_img_6.jpeg
ZFOT015000000NNND50196,pagina_50_img_7.jpeg
ZFOT020000000NNND50138,pagina_50_img_8.jpeg
ZFOT025000000NNND50137,pagina_50_img_9.jpeg
ZFOT018000000SFND50252,pagina_51_img_1.jpeg
ZFOT018000000NNND50134,pagina_51_img_10.jpeg
ZFOT015000000NGND50140,pagina_51_img_2.jpeg
ZFOT025000000NNND50195,pagina_51_img_3.jpeg
ZFOT015000000SFND50253,pagina_51_img_4.jpeg
ZFOT018000000NNND50071,pagina_51_img_5.jpeg
ZFOM0140X0260NNND50046,pagina_51_img_6.jpeg
ZFOT025000000SFND50330,pagina_51_img_7.jpeg
ZFOT020000000NNND50198,pagina_51_img_8.jpeg
ZFOM0120X0300NNND50092,pagina_51_img_9.jpeg
ZFOT015000000NNND50247,pagina_52_img_1.jpeg
ZMOT015000000NNND18003,pagina_52_img_10.jpeg
ZMOT015000000SNND18001,pagina_52_img_2.jpeg
ZMOT020000000NNND18004,pagina_52_img_3.jpeg
ZFOT018000000NNND50245,pagina_52_img_4.jpeg
ZFOT018000000NNND50019,pagina_52_img_5.jpeg
ZFOT018000000NNND50190,pagina_52_img_6.jpeg
ZFOT020000000NNND50004,pagina_52_img_7.jpeg
ZFOT020000000NNND50084,pagina_52_img_8.jpeg
ZFOT022000000NNND50090,pagina_52_img_9.jpeg
ZFOR0200X0220NNND50123,pagina_53_img_1.jpeg
ZFOR0250X0300NNND50122,pagina_53_img_10.jpeg
ZFOR0300X0350SNND50102,pagina_53_img_2.jpeg
ZFOR0300X0350NNND50110,pagina_53_img_3.jpeg
ZFOR0300X0350SNND50103,pagina_53_img_4.jpeg
ZFOR0300X0350NNND50107,pagina_53_img_5.jpeg
ZFOR0300X0350SNND50104,pagina_53_img_6.jpeg
ZFOT018000000NNND50263,pagina_53_img_7.jpeg
ZFOR0300X0350NAND50109,pagina_53_img_8.jpeg
ZFOR0300X0350NAND50106,pagina_53_img_9.jpeg
ZFOT035000000NNND50094,pagina_54_img_1.jpeg
ZFOT040000000NNND50093,pagina_54_img_10.jpeg
ZFOR0300X0350NAND50119,pagina_54_img_2.jpeg
ZFOR0300X0350NAND50267,pagina_54_img_3.jpeg
ZFOR0300X0350NAND50321,pagina_54_img_4.jpeg
ZFOR0250X0300NAND50268,pagina_54_img_5.jpeg
ZFOR0250X0300NAND50324,pagina_54_img_6.jpeg
ZFOR0250X0300NAND50118,pagina_54_img_7.jpeg
ZFOR0300X0350NAND50105,pagina_54_img_8.jpeg
ZFOR0300X0350NAND50270,pagina_54_img_9.jpeg
ZFOR0300X0350NNND50121,pagina_55_img_1.jpeg
ZFOR0300X0350NAND50307,pagina_55_img_10.jpeg
ZFOR0300X0350NAND50117,pagina_55_img_2.jpeg
ZROE0600X0750NNND21007,pagina_55_img_3.jpeg
ZROE0800X1110NNND21008,pagina_55_img_4.jpeg
ZROE1020X1100NNND21009,pagina_55_img_5.jpeg
ZROE1200X1500NNND21006,pagina_55_img_6.jpeg
ZMOT020000000NGND18005,pagina_55_img_7.jpeg
ZMOT020000000NGND18002,pagina_55_img_8.jpeg
ZFOA0030X0070NNND50032,pagina_55_img_9.jpeg
ZFOA0040X0100NNND50031,pagina_56_img_1.jpeg
ZFOE050000000SNND50078,pagina_56_img_10.jpeg
ZFOE044000000SNND50077,pagina_56_img_2.jpeg
ZFOA0080X0180NNND50030,pagina_56_img_3.jpeg
ZFOA0100X0200NNND50026,pagina_56_img_4.jpeg
ZTOT012000000NNND27003,pagina_56_img_5.jpeg
ZFOT026000000NTND50047,pagina_56_img_6.jpeg
ZFOT040000000NTND50048,pagina_56_img_7.jpeg
ZFOT045000000NTND50049,pagina_56_img_8.jpeg
ZFOT018000000ST6D50068,pagina_56_img_9.jpeg
ZGOT016000000S8ND10137,pagina_57_img_1.jpeg
ZGOT020000000S8ND10138,pagina_57_img_10.jpeg
ZFOT025000000NNND50304,pagina_57_img_2.jpeg
ZFOE115000000NNND50262,pagina_57_img_3.jpeg
ZFOE150000000NNND50264,pagina_57_img_4.jpeg
ZFOE080000000NSND50101,pagina_57_img_5.jpeg
ZFOE060000000NSND50099,pagina_57_img_6.jpeg
ZFOE080000000NSND50100,pagina_57_img_7.jpeg
ZFOE020000000SNND50079,pagina_57_img_8.jpeg
ZFOQ025000000NNND50020,pagina_57_img_9.jpeg
ZFOE0250X0280NDND50053,pagina_58_img_1.jpeg
ZFOE013000000NIND50177,pagina_58_img_10.jpeg
ZFOE017000000NIND50178,pagina_58_img_2.jpeg
ZFOQ020000000NAND50256,pagina_58_img_3.jpeg
ZFOE020000000SAND50051,pagina_58_img_4.jpeg
ZFOE025000000SAND50052,pagina_58_img_5.jpeg
ZFOE030000000SAND50050,pagina_58_img_6.jpeg
ZFOP0100X1000NNND50024,pagina_58_img_7.jpeg
ZFOE090000000NNND50018,pagina_58_img_8.jpeg
ZFOE130000000NNND50016,pagina_58_img_9.jpeg
ZFOE130000000NNND50017,pagina_59_img_1.jpeg
ZFOE115000000NNND50165,pagina_59_img_10.jpeg
ZFOE160000000NNND50015,pagina_59_img_2.jpeg
ZFOE190000000NNND50014,pagina_59_img_3.jpeg
ZFOE300000000NNND50013,pagina_59_img_4.jpeg
ZFOP0100X0600NNND50023,pagina_59_img_5.jpeg
ZFOE0420X0220NNND50066,pagina_59_img_6.jpeg
ZFOQ030000000NNND50021,pagina_59_img_7.jpeg
ZFOE0360X0700NNND50057,pagina_59_img_8.jpeg
ZFOE0320X1000NNND50056,pagina_59_img_9.jpeg
ZFFQ042000000NNND50022,pagina_5_img_1.jpeg
ZFOE0380X1080NNND50058,pagina_5_img_10.jpeg
ZFOT015000000NNND50220,pagina_5_img_2.jpeg
ZFOT018000000NAND50083,pagina_5_img_3.jpeg
ZFOT020000000NAND50082,pagina_5_img_4.jpeg
ZFOT015000000NAND50063,pagina_5_img_5.jpeg
ZFOT022000000NAND50062,pagina_5_img_6.jpeg
ZFOT020000000NAND50201,pagina_5_img_7.jpeg
ZFOT040000000NAND50202,pagina_5_img_8.jpeg
ZFOT020000000NAND50243,pagina_5_img_9.jpeg
ZFOT015000000NAND50292,pagina_60_img_1.jpeg
ZFOT025000000NAND50069,pagina_60_img_10.jpeg
ZBOT025000000NNND13013,pagina_60_img_2.jpeg
ZFOT035000000NAND50260,pagina_60_img_3.jpeg
ZFOT040000000NAND50259,pagina_60_img_4.jpeg
ZFOT040000000NAND50258,pagina_60_img_5.jpeg
ZFOE020000000NNND50179,pagina_60_img_6.jpeg
ZFOE016000000NNND50180,pagina_60_img_7.jpeg
ZOOE040000000NNND17003,pagina_60_img_8.jpeg
ZFOE045000000NDND50097,pagina_60_img_9.jpeg
ZOOT036000000NNND17001,pagina_61_img_1.jpeg
ZOOE086000000NNND17002,pagina_61_img_10.jpeg
ZFOE045000000NNND50176,pagina_61_img_2.jpeg
ZOOE080000000NNND17004,pagina_61_img_3.jpeg
ZOOE120000000NNND17005,pagina_61_img_4.jpeg
ZOLE220000000NNND17007,pagina_61_img_5.jpeg
ZFOT010000000NNND50173,pagina_61_img_6.jpeg
ZPOT015000000NNND12002,pagina_61_img_7.jpeg
ZFOT020000000NNND50098,pagina_61_img_8.jpeg
ZPOR0200X0220NNND12006,pagina_61_img_9.jpeg
ZPOR0250X0300NNND12007,pagina_62_img_1.jpeg
ZPOR0300X0350NNND12008,pagina_62_img_10.jpeg
ZFOR0300X0350NNND50111,pagina_62_img_2.jpeg
ZROM0030X0060NNND40025,pagina_62_img_3.jpeg
ZROM0040X0060NNND40008,pagina_62_img_4.jpeg
ZROM0030X0070NNND40006,pagina_62_img_5.jpeg
ZROM0040X0065NNND40026,pagina_62_img_6.jpeg
ZROT030000000NNND40005,pagina_62_img_7.jpeg
ZROT036000000NNND40007,pagina_62_img_8.jpeg
ZROM0060X0120NNND40024,pagina_62_img_9.jpeg
ZROM0060X0120NGND40003,pagina_63_img_1.jpeg
ZROM0070X0140NNND40031,pagina_63_img_10.jpeg
ZROM0075X0150NNND40020,pagina_63_img_2.jpeg
ZROM0100X0160NNND40028,pagina_63_img_3.jpeg
ZROM0100X0200NNND40002,pagina_63_img_4.jpeg
ZROM0100X0200NGND40029,pagina_63_img_5.jpeg
ZROM0100X0250NNND40022,pagina_63_img_6.jpeg
ZROP0130X0350NNND40019,pagina_63_img_7.jpeg
ZROM0100X0250NNND40004,pagina_63_img_8.jpeg
ZROM0110X0180NNND40009,pagina_63_img_9.jpeg
ZROM0130X0280NGND40023,pagina_64_img_1.jpeg
ZROM0120X0360NNND40011,pagina_64_img_10.jpeg
ZROM0120X0320NNND40021,pagina_64_img_2.jpeg
ZR1M0140X0350NNND40035,pagina_64_img_3.jpeg
ZROM0140X0350NNND40018,pagina_64_img_4.jpeg
ZROM0160X0380NNND40014,pagina_64_img_5.jpeg
ZROM0200X0500NNND40013,pagina_64_img_6.jpeg
ZROP0130X0350NNND40017,pagina_64_img_7.jpeg
ZSOT008000000SNND14018,pagina_64_img_8.jpeg
ZSOT012000000NNND14023,pagina_64_img_9.jpeg
ZSOT015000000NNND14016,pagina_65_img_1.jpeg
ZSOT020000000NNND14017,pagina_65_img_10.jpeg
ZSOT022000000NNND14026,pagina_65_img_2.jpeg
ZSOT028000000NNND14027,pagina_65_img_3.jpeg
ZSOO0040X0100NNND14011,pagina_65_img_4.jpeg
ZSOO0070X0120NNND14012,pagina_65_img_5.jpeg
ZUOT035000000NNND29005,pagina_65_img_6.jpeg
ZSOO0080X0120NNND14006,pagina_65_img_7.jpeg
ZSOO0100X0150NNND14007,pagina_65_img_8.jpeg
ZSOO0140X0220NNND14009,pagina_65_img_9.jpeg
ZSOO0150X0250NNND14002,pagina_66_img_1.jpeg
ZSOM0150X0300NNND14020,pagina_66_img_10.jpeg
ZSOO0100X0200NNND14008,pagina_66_img_2.jpeg
ZSOM0200X0400NNND14019,pagina_66_img_3.jpeg
ZSOP0200X0480NNND14029,pagina_66_img_4.jpeg
ZSOO0220X0380NNND14010,pagina_66_img_5.jpeg
ZS2O0300X0500NNND14005,pagina_66_img_6.jpeg
ZSOP0100X0180NNND14014,pagina_66_img_7.jpeg
ZSOP0110X0220NGND14015,pagina_66_img_8.jpeg
ZSOP0150X0300NRND14013,pagina_66_img_9.jpeg
ZSOT020000000NNND14024,pagina_68_img_1.jpeg
ZDSOT020000000SBND6003714025,pagina_68_img_10.jpeg
ZUOT018000000NNND19075,pagina_68_img_2.jpeg
ZUOT018000000NGND19079,pagina_68_img_3.jpeg
ZUOT018000000NGND19076,pagina_68_img_4.jpeg
ZUOT020000000NNND19077,pagina_68_img_5.jpeg
ZUOT020000000NNND19078,pagina_68_img_6.jpeg
ZUOE9999X9999SNND19012,pagina_68_img_7.jpeg
ZUOE9999X9999SNND19055,pagina_68_img_8.jpeg
ZULE9999X9999NNND19057,pagina_68_img_9.jpeg
ZUOT032000000NNND19083,pagina_69_img_1.jpeg
ZUOE350000000NNND19036,pagina_69_img_10.jpeg
ZUOE300000000NNND19039,pagina_69_img_2.jpeg
ZUOE100000000NNND19033,pagina_69_img_3.jpeg
ZUOE120000000NNND19013,pagina_69_img_4.jpeg
ZUOE200000000NNND19023,pagina_69_img_5.jpeg
ZUOE200000000NNND19037,pagina_69_img_6.jpeg
ZUOE200000000NNND19034,pagina_69_img_7.jpeg
ZUOE350000000NNND19005,pagina_69_img_8.jpeg
ZUOE250000000NNND19028,pagina_69_img_9.jpeg
ZUOE160000000NNND19029,pagina_6_img_1.jpeg
ZUOE450000000NNND19027,pagina_6_img_10.jpeg
ZUOE500000000NNND19026,pagina_6_img_2.jpeg
ZUOE400000000NNND19006,pagina_6_img_3.jpeg
ZUOT010000000NNND19002,pagina_6_img_4.jpeg
ZUOE250000000NNND19035,pagina_6_img_5.jpeg
ZUOE250000000NNND19038,pagina_6_img_6.jpeg
ZUOE9999X9999SNND19053,pagina_6_img_7.jpeg
ZUOT006000000NNND19004,pagina_6_img_8.jpeg
ZUOE021000000NNND19047,pagina_6_img_9.jpeg
ZUOE040000000NNND19045,pagina_70_img_1.jpeg
ZUOE050000000NNND19044,pagina_70_img_10.jpeg
ZUOE060000000NNND19043,pagina_70_img_2.jpeg
ZUOE080000000NNND19042,pagina_70_img_3.jpeg
ZUOE030000000NNND19046,pagina_70_img_4.jpeg
ZUOE100000000NNND19041,pagina_70_img_5.jpeg
ZUOE040000000NBND19045,pagina_70_img_6.jpeg
ZUOE080000000NBND19032,pagina_70_img_7.jpeg
ZUOE060000000NBND19043,pagina_70_img_8.jpeg
ZUOT018000000NNND19084,pagina_70_img_9.jpeg
ZUOT018000000NNND19081,pagina_71_img_1.jpeg
ZUOT018000000NNND19080,pagina_71_img_10.jpeg
ZUOE400000000NNND19016,pagina_71_img_2.jpeg
ZUOE350000000NNND19007,pagina_71_img_3.jpeg
ZUOE080000000NNND19020,pagina_71_img_4.jpeg
ZUOE200000000NNND19022,pagina_71_img_5.jpeg
ZUOE250000000NNND19019,pagina_71_img_6.jpeg
ZUOE300000000NNND19018,pagina_71_img_7.jpeg
ZUOE300000000NNND19017,pagina_71_img_8.jpeg
ZUOE500000000NNND19014,pagina_71_img_9.jpeg
ZUOE9999X9999SNND19054,pagina_72_img_1.jpeg
ZUOE450000000NNND19015,pagina_72_img_10.jpeg
ZUOE040000000SIND19011,pagina_72_img_2.jpeg
ZULE9999X9999NNND19050,pagina_72_img_3.jpeg
ZUOE9999X9999NNND19052,pagina_72_img_4.jpeg
ZUOE9999X9999NNND19048,pagina_72_img_5.jpeg
ZULE9999X9999NNND19049,pagina_72_img_6.jpeg
ZUOE9999X9999SNND19056,pagina_72_img_7.jpeg
ZULE9999X9999NNND19051,pagina_72_img_8.jpeg
ZUOE080000000NNND19021,pagina_72_img_9.jpeg
ZUOE200000000NNND19024,pagina_73_img_1.jpeg
ZUOE250000000NNND19025,pagina_73_img_10.jpeg
ZUOE250000000NNND19030,pagina_73_img_2.jpeg
ZUOE400000000NNND19040,pagina_73_img_3.jpeg
ZUOE500000000NNND19031,pagina_73_img_4.jpeg
ZAOE075000000NNND22021,pagina_73_img_5.jpeg
ZAOE330000000NNND22020,pagina_73_img_6.jpeg
ZSOT025000000NNND23011,pagina_73_img_7.jpeg
ZSOT025000000NNND23012,pagina_73_img_8.jpeg
ZSOT032000000NNND23009,pagina_73_img_9.jpeg
ZSOT040000000NNND23013,pagina_74_img_1.jpeg
ZSOE030000000NNND23001,pagina_74_img_10.jpeg
ZSOT028000000NG2D23018,pagina_74_img_2.jpeg
ZSOT028000000NG2D23016,pagina_74_img_3.jpeg
ZSOT028000000NN2D23017,pagina_74_img_4.jpeg
ZSOT040000000NNDP23010,pagina_74_img_5.jpeg
ZSOT060000000SN6D23015,pagina_74_img_6.jpeg
ZVOQ008000000SNND11002,pagina_74_img_7.jpeg
ZVOP0025X0080SNND11054,pagina_74_img_8.jpeg
ZVOT010000000SNND11005,pagina_74_img_9.jpeg
ZVOE014000000SNND11042,pagina_75_img_1.jpeg
ZVOE012000000NNND11041,pagina_75_img_10.jpeg
ZVOM0060X0150NNND11026,pagina_75_img_2.jpeg
ZVOP0010X0080SNND11023,pagina_75_img_3.jpeg
ZVOM0070X0120NNND11035,pagina_75_img_4.jpeg
ZVOM0065X0145NNND11036,pagina_75_img_5.jpeg
ZVOM0070X0120NNND11013,pagina_75_img_6.jpeg
ZVOE020000000SNND11043,pagina_75_img_7.jpeg
ZVOP0060X0100SNND11024,pagina_75_img_8.jpeg
ZVOM0070X0150SNND11011,pagina_75_img_9.jpeg
ZVOT030000000SNND11007,pagina_76_img_1.jpeg
ZVOE025000000SNND11040,pagina_76_img_10.jpeg
ZVOT036000000SNND11009,pagina_76_img_2.jpeg
ZVOP0075X0180SNND11021,pagina_76_img_3.jpeg
ZVOQ032000000SNND11003,pagina_76_img_4.jpeg
ZVOM0080X0200NNND11025,pagina_76_img_5.jpeg
ZVOE040000000SNND11039,pagina_76_img_6.jpeg
ZVOE050000000NNND11047,pagina_76_img_7.jpeg
ZVOE050000000SNND11018,pagina_76_img_8.jpeg
ZVOP0130XNNND11001,pagina_76_img_9.jpeg
ZVOP0080X0500SNND11019,pagina_77_img_1.jpeg
ZVOE060000000NNND11046,pagina_77_img_10.jpeg
ZVOE070000000SNND11017,pagina_77_img_2.jpeg
ZVOE042000000NFND11029,pagina_77_img_3.jpeg
ZVOE032000000NFND11028,pagina_77_img_4.jpeg
ZVOE095000000NFND11038,pagina_77_img_5.jpeg
ZVOE065000000SNND11052,pagina_77_img_6.jpeg
ZXOT040000000NNND28004,pagina_77_img_7.jpeg
ZXOT040000000NNND28005,pagina_77_img_8.jpeg
ZVOE120000000SNND11008,pagina_77_img_9.jpeg
ZVOQ008000000SN4D11002,pagina_78_img_1.jpeg
ZVOT010000000SN4D11005,pagina_78_img_10.jpeg
ZVOE012000000NN4D11041,pagina_78_img_2.jpeg
ZVOE014000000SN4D11042,pagina_78_img_3.jpeg
ZVOE020000000SN4D11043,pagina_78_img_4.jpeg
ZVOT030000000SN4D11007,pagina_78_img_5.jpeg
ZVOE025000000SN4D11040,pagina_78_img_6.jpeg
ZVOP0070X0250SN4D11010,pagina_78_img_7.jpeg
ZVOQ032000000SN4D11003,pagina_78_img_8.jpeg
ZVOE040000000SN4D11039,pagina_78_img_9.jpeg
ZVOE050000000SN4D11018,pagina_79_img_1.jpeg
ZVOE020000000SN8D11043,pagina_79_img_10.jpeg
ZVOE024000000NN8D11040,pagina_79_img_2.jpeg
ZVOQ032000000SN8D11003,pagina_79_img_3.jpeg
ZVOE040000000SN8D11039,pagina_79_img_4.jpeg
ZVOT050000000SN8D11018,pagina_79_img_5.jpeg
ZVOE021000000NNSD11014,pagina_79_img_6.jpeg
ZVOE025000000NNSD11015,pagina_79_img_7.jpeg
ZVOE033000000NNSD11016,pagina_79_img_8.jpeg
ZVOP0050X0200SNND11022,pagina_79_img_9.jpeg
ZVOE045000000NNND11048,pagina_7_img_1.jpeg
ZVOP0070X0250SNND11010,pagina_7_img_10.jpeg
ZVOP0100X0320NNND11031,pagina_7_img_2.jpeg
ZVOE030000000NAND11049,pagina_7_img_3.jpeg
ZVOP0080X0300SNND11020,pagina_7_img_4.jpeg
ZVOE040000000NNND11051,pagina_7_img_5.jpeg
ZVOM0120X0350NNND11034,pagina_7_img_6.jpeg
ZVOE033000000NNND11050,pagina_7_img_7.jpeg
ZVOM0120X0480NNND11032,pagina_7_img_8.jpeg
MADPOT1.0000000NN0022,pagina_7_img_9.jpeg
MADPOT1.5000000NN0009,pagina_80_img_1.jpeg
MADPOT2.0000000NN0015,pagina_80_img_10.jpeg
MADMOT2.0000000CN0012,pagina_80_img_2.jpeg
MADPOT2.0000000NN0021,pagina_80_img_3.jpeg
MTRPOT3.0000000NN0002,pagina_80_img_4.jpeg
MADMOT3.0000000SN0005,pagina_80_img_5.jpeg
MADMOT3.0000000SN0010,pagina_80_img_6.jpeg
MADMOT3.0000000SN0008,pagina_80_img_7.jpeg
